{"Episode/rew_action_rate": -0.021897321566939354, "Episode/rew_action_smoothness": -0.058834075927734375, "Episode/rew_ang_vel_xy": -0.013941208831965923, "Episode/rew_base_height": -0.00014130101772025228, "Episode/rew_default_joint_pos": -0.00029413943411782384, "Episode/rew_dof_acc": -0.012851899489760399, "Episode/rew_feet_clearance_inter": 7.708334305789322e-05, "Episode/rew_foot_clearance": -0.0017499546520411968, "Episode/rew_foot_slip": -0.009794162586331367, "Episode/rew_lin_vel_z": -0.002930199261754751, "Episode/rew_low_speed": -0.03177899867296219, "Episode/rew_orientation_eular": 0.01165734976530075, "Episode/rew_powers": -0.0001519996440038085, "Episode/rew_track_vel_hard": -0.007844392210245132, "Episode/rew_tracking_ang_vel": 0.0359455943107605, "Episode/rew_tracking_lin_vel": 0.1956297606229782, "Episode/rew_vel_mismatch_exp": 0.058200299739837646, "Episode/cost_acc_smoothness": 1.1213538646697998, "Episode/cost_base_height": 0.00028260203544050455, "Episode/cost_collision": 0.0176541768014431, "Episode/cost_dof_vel_limits": 0.026573605835437775, "Episode/cost_feet_air_time": 0.009197852574288845, "Episode/cost_hip_pos": 0.03437594324350357, "Episode/cost_pos_limit": 0.04864169657230377, "Episode/cost_stand_still": 0.14173869788646698, "Episode/cost_torque_limit": 0.0, "Loss/value_function": 0.004421818198170513, "Loss/surrogate": -0.01432965422864072, "Loss/learning_rate": 7.593750000000004e-05, "Perf/total_fps": 18174, "Perf/collection time": 0.6826760768890381, "Perf/learning_time": 0.6695356369018555, "Std/mean_std": 0.6157165765762329, "Std/std_dim_0": 0.606646716594696, "Std/std_dim_1": 0.6432358026504517, "Std/std_dim_2": 0.5906915068626404, "Std/std_dim_3": 0.6261969208717346, "Std/std_dim_4": 0.6209878325462341, "Std/std_dim_5": 0.601513147354126, "Std/std_dim_6": 0.6233357191085815, "Std/std_dim_7": 0.6263571977615356, "Std/std_dim_8": 0.6007978320121765, "Std/std_dim_9": 0.6149903535842896, "Std/std_dim_10": 0.636517345905304, "Std/std_dim_11": 0.5973283648490906, "Train/mean_reward": 3.65435378042981, "Train/mean_episode_length": 297.3, "_timestamp": 1721524937, "_runtime": 107, "_step": 68}