{"Episode/rew_action_rate": -0.06737615913152695, "Episode/rew_action_smoothness": -0.14219407737255096, "Episode/rew_ang_vel_xy": -0.03843570500612259, "Episode/rew_base_height": -0.0037929792888462543, "Episode/rew_default_joint_pos": -0.002618903759866953, "Episode/rew_dof_acc": -0.02683873474597931, "Episode/rew_feet_clearance_inter": 1.0416667464596685e-05, "Episode/rew_foot_clearance": -0.011825460009276867, "Episode/rew_foot_slip": -0.049376752227544785, "Episode/rew_lin_vel_z": -0.00974893756210804, "Episode/rew_low_speed": 0.1303057223558426, "Episode/rew_orientation_eular": 0.10937383025884628, "Episode/rew_powers": -0.0002054097130894661, "Episode/rew_track_vel_hard": 0.0688832551240921, "Episode/rew_tracking_ang_vel": 0.3326877951622009, "Episode/rew_tracking_lin_vel": 0.8702275156974792, "Episode/rew_vel_mismatch_exp": 0.24299299716949463, "Episode/cost_acc_smoothness": 0.1926722377538681, "Episode/cost_base_height": 0.0031608163844794035, "Episode/cost_collision": 0.0003027778002433479, "Episode/cost_dof_vel_limits": 0.0, "Episode/cost_feet_air_time": 0.03932899609208107, "Episode/cost_hip_pos": 0.04054907709360123, "Episode/cost_pos_limit": 0.004787500016391277, "Episode/cost_stand_still": 0.1131342202425003, "Episode/cost_torque_limit": 0.0, "Loss/value_function": 0.024696335196495056, "Loss/surrogate": -0.003541936312103644, "Loss/learning_rate": 7.593750000000004e-05, "Perf/total_fps": 20051, "Perf/collection time": 0.7232663631439209, "Perf/learning_time": 0.7178177833557129, "Std/mean_std": 0.4741257429122925, "Std/std_dim_0": 0.41427579522132874, "Std/std_dim_1": 0.5445833802223206, "Std/std_dim_2": 0.4478515088558197, "Std/std_dim_3": 0.4719972312450409, "Std/std_dim_4": 0.562063992023468, "Std/std_dim_5": 0.4381197988986969, "Std/std_dim_6": 0.43749159574508667, "Std/std_dim_7": 0.5471353530883789, "Std/std_dim_8": 0.4236379563808441, "Std/std_dim_9": 0.4304535984992981, "Std/std_dim_10": 0.5392715930938721, "Std/std_dim_11": 0.4326269328594208, "Train/mean_reward": 26.512051797509194, "Train/mean_episode_length": 885.23, "_timestamp": 1721629819, "_runtime": 1208, "_step": 861}