{"Episode/rew_action_rate": -0.03858880326151848, "Episode/rew_action_smoothness": -0.09545527398586273, "Episode/rew_ang_vel_xy": -0.02081894502043724, "Episode/rew_base_height": -0.0018397714011371136, "Episode/rew_dof_acc": -0.0007249818881973624, "Episode/rew_foot_clearance": -0.0010483067017048597, "Episode/rew_foot_slip": -0.02409028634428978, "Episode/rew_lin_vel_z": -0.010387691669166088, "Episode/rew_low_speed": -0.04511818289756775, "Episode/rew_orientation_eular": 0.020477725192904472, "Episode/rew_powers": -1.1572179573704489e-05, "Episode/rew_track_vel_hard": -0.02224399708211422, "Episode/rew_tracking_ang_vel": 0.02728891186416149, "Episode/rew_tracking_lin_vel": 0.2503633499145508, "Episode/rew_vel_mismatch_exp": 0.08478143066167831, "Episode/cost_acc_smoothness": 0.10111148655414581, "Episode/cost_base_height": 0.0012265144614502788, "Episode/cost_collision": 0.21983492374420166, "Episode/cost_dof_vel_limits": 4.166666985838674e-05, "Episode/cost_feet_air_time": 0.012719174847006798, "Episode/cost_hip_pos": 0.244505375623703, "Episode/cost_pos_limit": 0.19041763246059418, "Episode/cost_stand_still": 0.09766858071088791, "Episode/cost_torque_limit": 0.0, "Loss/value_function": 0.008514328114688396, "Loss/surrogate": -0.012970401492202655, "Loss/learning_rate": 0.00011390625000000006, "Perf/total_fps": 13396, "Perf/collection time": 0.5659561157226562, "Perf/learning_time": 0.35129594802856445, "Std/mean_std": 0.7259628772735596, "Std/std_dim_0": 0.6895316243171692, "Std/std_dim_1": 0.7655910849571228, "Std/std_dim_2": 0.7529481649398804, "Std/std_dim_3": 0.6952904462814331, "Std/std_dim_4": 0.7607565522193909, "Std/std_dim_5": 0.720451831817627, "Std/std_dim_6": 0.7110822200775146, "Std/std_dim_7": 0.7682400345802307, "Std/std_dim_8": 0.7007927298545837, "Std/std_dim_9": 0.6686015129089355, "Std/std_dim_10": 0.7525039315223694, "Std/std_dim_11": 0.7257644534111023, "Train/mean_reward": 6.094270049217157, "Train/mean_episode_length": 631.52, "_timestamp": 1721739004, "_runtime": 263, "_step": 271}