{"Episode/rew_action_rate": -0.0220698993653059, "Episode/rew_action_smoothness": -0.032456934452056885, "Episode/rew_ang_vel_xy": -0.01386885717511177, "Episode/rew_base_height": -0.00041820754995569587, "Episode/rew_dof_acc": -0.012457470409572124, "Episode/rew_foot_clearance": -0.015791773796081543, "Episode/rew_foot_slip": -0.023694995790719986, "Episode/rew_lin_vel_z": -0.00371246668510139, "Episode/rew_low_speed": 0.04959660768508911, "Episode/rew_orientation_eular": 0.04113847762346268, "Episode/rew_powers": -0.00010473415022715926, "Episode/rew_track_vel_hard": 0.033180009573698044, "Episode/rew_tracking_ang_vel": 0.12861941754817963, "Episode/rew_tracking_lin_vel": 0.37495455145835876, "Episode/rew_vel_mismatch_exp": 0.11247166246175766, "Episode/cost_acc_smoothness": 0.2737743556499481, "Episode/cost_base_height": 0.00027880509151145816, "Episode/cost_collision": 8.333333971677348e-05, "Episode/cost_dof_vel_limits": 0.0, "Episode/cost_feet_air_time": 0.02581251785159111, "Episode/cost_hip_pos": 0.03071904554963112, "Episode/cost_pos_limit": 0.010472222231328487, "Episode/cost_stand_still": 0.008369348011910915, "Episode/cost_torque_limit": 0.0, "Loss/value_function": 0.007190332701429725, "Loss/surrogate": -0.007531009285594336, "Loss/learning_rate": 5.0625000000000024e-05, "Perf/total_fps": 14298, "Perf/collection time": 0.505364179611206, "Perf/learning_time": 0.35405540466308594, "Std/mean_std": 0.3116339445114136, "Std/std_dim_0": 0.2758537530899048, "Std/std_dim_1": 0.3275721073150635, "Std/std_dim_2": 0.31048327684402466, "Std/std_dim_3": 0.27885526418685913, "Std/std_dim_4": 0.3383406698703766, "Std/std_dim_5": 0.3296155333518982, "Std/std_dim_6": 0.2894681394100189, "Std/std_dim_7": 0.34982359409332275, "Std/std_dim_8": 0.3110054135322571, "Std/std_dim_9": 0.279735803604126, "Std/std_dim_10": 0.3296011984348297, "Std/std_dim_11": 0.31925246119499207, "Train/mean_reward": 22.15310160726309, "Train/mean_episode_length": 721.4, "_timestamp": 1721732491, "_runtime": 575, "_step": 631}