{"Episode/rew_action_rate": -0.010203031823039055, "Episode/rew_action_smoothness": -0.025965450331568718, "Episode/rew_ang_vel_xy": -0.008708779700100422, "Episode/rew_base_height": -0.00019881973275914788, "Episode/rew_default_joint_pos": -0.0008382006781175733, "Episode/rew_dof_acc": -0.015872415155172348, "Episode/rew_foot_clearance": -3.6178724258206785e-05, "Episode/rew_foot_slip": -0.026766914874315262, "Episode/rew_lin_vel_z": -0.002375827869400382, "Episode/rew_low_speed": -0.06008307263255119, "Episode/rew_orientation_eular": 0.0301867313683033, "Episode/rew_powers": -0.00024018328986130655, "Episode/rew_track_vel_hard": -0.025780394673347473, "Episode/rew_tracking_ang_vel": 0.04839666932821274, "Episode/rew_tracking_lin_vel": 0.21913175284862518, "Episode/rew_vel_mismatch_exp": 0.07017001509666443, "Episode/cost_acc_smoothness": 0.7966952323913574, "Episode/cost_base_height": 0.00013254652731120586, "Episode/cost_collision": 0.0019520831992849708, "Episode/cost_dof_vel_limits": 0.004338194616138935, "Episode/cost_feet_air_time": 0.001783166779205203, "Episode/cost_hip_pos": 0.016197238117456436, "Episode/cost_pos_limit": 0.010984022170305252, "Episode/cost_stand_still": 0.031882062554359436, "Episode/cost_torque_limit": 0.0, "Loss/value_function": 0.017125183530151845, "Loss/surrogate": -0.00024876052630133926, "Loss/learning_rate": 0.0005766503906250003, "Perf/total_fps": 16276, "Perf/collection time": 0.8517608642578125, "Perf/learning_time": 0.6581640243530273, "Std/mean_std": 0.40664273500442505, "Std/std_dim_0": 0.4120722711086273, "Std/std_dim_1": 0.4734533131122589, "Std/std_dim_2": 0.365775465965271, "Std/std_dim_3": 0.39851880073547363, "Std/std_dim_4": 0.3551096022129059, "Std/std_dim_5": 0.3146480321884155, "Std/std_dim_6": 0.4835229218006134, "Std/std_dim_7": 0.45997685194015503, "Std/std_dim_8": 0.42982998490333557, "Std/std_dim_9": 0.43035802245140076, "Std/std_dim_10": 0.4579486548900604, "Std/std_dim_11": 0.2984987795352936, "Train/mean_reward": 4.065358997010626, "Train/mean_episode_length": 239.17, "_timestamp": 1721832292.579441, "_runtime": 1063.5909659862518, "_step": 758, "_wandb": {"runtime": 1061}}