{"Episode/rew_action_rate": -0.027887439355254173, "Episode/rew_action_smoothness": -0.0660848543047905, "Episode/rew_ang_vel_xy": -0.021588381379842758, "Episode/rew_base_height": -8.118834375636652e-05, "Episode/rew_default_joint_pos": -0.0031695677898824215, "Episode/rew_dof_acc": -0.0070190876722335815, "Episode/rew_foot_clearance": -0.0003261195379309356, "Episode/rew_foot_slip": -0.02637971006333828, "Episode/rew_lin_vel_z": -0.006826044525951147, "Episode/rew_low_speed": -0.04785557836294174, "Episode/rew_orientation_eular": 0.03291507810354233, "Episode/rew_powers": -0.00014145443856250495, "Episode/rew_track_vel_hard": -0.013432303443551064, "Episode/rew_tracking_ang_vel": 0.13456115126609802, "Episode/rew_tracking_lin_vel": 0.37158119678497314, "Episode/rew_vel_mismatch_exp": 0.10767477005720139, "Episode/cost_acc_smoothness": 0.038763731718063354, "Episode/cost_base_height": 5.412556492956355e-05, "Episode/cost_collision": 0.0007138889050111175, "Episode/cost_dof_vel_limits": 0.0, "Episode/cost_feet_air_time": 0.007340145763009787, "Episode/cost_hip_pos": 0.00863575004041195, "Episode/cost_pos_limit": 0.0017996527021750808, "Episode/cost_stand_still": 0.05334603786468506, "Episode/cost_torque_limit": 0.0, "Episode/terrain_level": 0.0, "Loss/value_function": 0.021994308196008207, "Loss/surrogate": 0.00117993897292763, "Loss/learning_rate": 0.00038443359375000017, "Perf/total_fps": 13661, "Perf/collection time": 1.1731255054473877, "Perf/learning_time": 0.6257762908935547, "Std/mean_std": 0.5057237148284912, "Std/std_dim_0": 0.5139386057853699, "Std/std_dim_1": 0.6032809019088745, "Std/std_dim_2": 0.4053267538547516, "Std/std_dim_3": 0.508770227432251, "Std/std_dim_4": 0.5920077562332153, "Std/std_dim_5": 0.3932740092277527, "Std/std_dim_6": 0.5010591149330139, "Std/std_dim_7": 0.6098374128341675, "Std/std_dim_8": 0.397367924451828, "Std/std_dim_9": 0.5221585035324097, "Std/std_dim_10": 0.617952287197113, "Std/std_dim_11": 0.40371066331863403, "Train/mean_reward": 7.369577578520403, "Train/mean_episode_length": 369.88, "_timestamp": 1722050098.6475616, "_runtime": 2131.0832045078278, "_step": 1439, "_wandb": {"runtime": 2129}}