{"Episode/rew_action_rate": -0.012868712656199932, "Episode/rew_action_smoothness": -0.03549805283546448, "Episode/rew_ang_vel_xy": -0.008589361794292927, "Episode/rew_base_height": -0.00029415261815302074, "Episode/rew_default_joint_pos": -0.0023760234471410513, "Episode/rew_dof_acc": -0.007241909392178059, "Episode/rew_feet_clearance_inter": 3.58333345502615e-05, "Episode/rew_foot_clearance": -0.0019688725005835295, "Episode/rew_foot_slip": -0.01890433020889759, "Episode/rew_lin_vel_z": -0.0019626114517450333, "Episode/rew_low_speed": -0.10316159576177597, "Episode/rew_orientation_eular": 0.11086234450340271, "Episode/rew_powers": -0.0001539367949590087, "Episode/rew_track_vel_hard": -0.025211144238710403, "Episode/rew_tracking_ang_vel": 0.08289356529712677, "Episode/rew_tracking_lin_vel": 0.27175211906433105, "Episode/rew_vel_mismatch_exp": 0.14184550940990448, "Episode/cost_acc_smoothness": 0.5575724840164185, "Episode/cost_base_height": 0.0005883052363060415, "Episode/cost_collision": 0.018986793234944344, "Episode/cost_dof_vel_limits": 0.013518750667572021, "Episode/cost_feet_air_time": 0.002645722357556224, "Episode/cost_hip_pos": 0.02552463673055172, "Episode/cost_pos_limit": 0.011799298226833344, "Episode/cost_stand_still": 0.1816447675228119, "Episode/cost_torque_limit": 0.0, "Loss/value_function": 0.023448066785931587, "Loss/surrogate": 0.005187876772833988, "Loss/learning_rate": 0.0005766503906250003, "Perf/total_fps": 17197, "Perf/collection time": 0.7771766185760498, "Perf/learning_time": 0.6518826484680176, "Std/mean_std": 0.3160817623138428, "Std/std_dim_0": 0.3722876012325287, "Std/std_dim_1": 0.32365676760673523, "Std/std_dim_2": 0.24663424491882324, "Std/std_dim_3": 0.3861876428127289, "Std/std_dim_4": 0.38502681255340576, "Std/std_dim_5": 0.2345900684595108, "Std/std_dim_6": 0.3610633909702301, "Std/std_dim_7": 0.2765398621559143, "Std/std_dim_8": 0.23908744752407074, "Std/std_dim_9": 0.3776889145374298, "Std/std_dim_10": 0.36591285467147827, "Std/std_dim_11": 0.22430557012557983, "Train/mean_reward": 8.599868895292747, "Train/mean_episode_length": 527.05, "_timestamp": 1721474523, "_runtime": 1160, "_step": 881, "_wandb": {"runtime": 1156}}