{"Episode/rew_action_rate": -0.03636724501848221, "Episode/rew_action_smoothness": -0.09854517877101898, "Episode/rew_ang_vel_xy": -0.03877919167280197, "Episode/rew_base_height": -0.00013145395496394485, "Episode/rew_default_joint_pos": -0.00031147347181104124, "Episode/rew_dof_acc": -0.014528615400195122, "Episode/rew_feet_clearance_inter": 9.999999747378752e-05, "Episode/rew_foot_clearance": -0.0006248381687328219, "Episode/rew_foot_slip": -0.013331189751625061, "Episode/rew_lin_vel_z": -0.007388531230390072, "Episode/rew_low_speed": -0.026095187291502953, "Episode/rew_orientation_eular": 0.007486588321626186, "Episode/rew_powers": -6.9118854298722e-05, "Episode/rew_track_vel_hard": -0.005055866204202175, "Episode/rew_tracking_ang_vel": 0.049631934612989426, "Episode/rew_tracking_lin_vel": 0.1355622112751007, "Episode/rew_vel_mismatch_exp": 0.057243846356868744, "Episode/cost_acc_smoothness": 0.20257875323295593, "Episode/cost_base_height": 0.00010111842129845172, "Episode/cost_collision": 0.03465623781085014, "Episode/cost_dof_vel_limits": 5.208333459449932e-05, "Episode/cost_feet_air_time": 0.008059787563979626, "Episode/cost_hip_pos": 0.050655536353588104, "Episode/cost_pos_limit": 0.017579855397343636, "Episode/cost_stand_still": 0.12187938392162323, "Episode/cost_torque_limit": 0.0, "Episode/terrain_level": 0.0, "Loss/value_function": 0.005081812525168062, "Loss/surrogate": -0.017014802130870522, "Loss/learning_rate": 2.2500000000000008e-05, "Perf/total_fps": 10553, "Perf/collection time": 0.7818663120269775, "Perf/learning_time": 0.3825209140777588, "Std/mean_std": 0.7773246765136719, "Std/std_dim_0": 0.7077367305755615, "Std/std_dim_1": 0.8171603679656982, "Std/std_dim_2": 0.8059525489807129, "Std/std_dim_3": 0.7341896891593933, "Std/std_dim_4": 0.8004337549209595, "Std/std_dim_5": 0.811751663684845, "Std/std_dim_6": 0.7096295356750488, "Std/std_dim_7": 0.8186702132225037, "Std/std_dim_8": 0.7750906944274902, "Std/std_dim_9": 0.7143937349319458, "Std/std_dim_10": 0.8306382894515991, "Std/std_dim_11": 0.8022488355636597, "Train/mean_reward": 1.0446670920494945, "Train/mean_episode_length": 225.83, "_timestamp": 1721344178, "_runtime": 205, "_step": 179, "_wandb": {"runtime": 202}}