{"Episode/rew_action_rate": -0.11377407610416412, "Episode/rew_action_smoothness": -0.2541496157646179, "Episode/rew_ang_vel_xy": -0.06319612264633179, "Episode/rew_base_height": -0.0020315409637987614, "Episode/rew_default_joint_pos": -0.0004253380175214261, "Episode/rew_dof_acc": -0.03654193878173828, "Episode/rew_feet_distance": -0.01362877618521452, "Episode/rew_foot_clearance": -0.0009859366109594703, "Episode/rew_foot_slip": -0.11045169085264206, "Episode/rew_lin_vel_z": -0.01683102548122406, "Episode/rew_low_speed": -0.08993183076381683, "Episode/rew_orientation_eular": 0.03738918527960777, "Episode/rew_powers": -0.0005415374762378633, "Episode/rew_torques": 2.22198486328125, "Episode/rew_track_vel_hard": -0.04086742550134659, "Episode/rew_tracking_ang_vel": 0.07608439028263092, "Episode/rew_tracking_lin_vel": 0.47304099798202515, "Episode/rew_vel_mismatch_exp": 0.12441204488277435, "Episode/cost_acc_smoothness": 1.5742623805999756, "Episode/cost_base_height": 0.0013543607201427221, "Episode/cost_collision": 0.10218881815671921, "Episode/cost_dof_vel_limits": 0.0016722222790122032, "Episode/cost_feet_air_time": 0.012137888930737972, "Episode/cost_hip_pos": 0.312011182308197, "Episode/cost_pos_limit": 0.11810421943664551, "Episode/cost_stand_still": 0.3912731111049652, "Episode/cost_torque_limit": 0.0, "Loss/value_function": 0.3318016558885574, "Loss/surrogate": -0.002134841327642789, "Loss/learning_rate": 5.062500000000002e-05, "Perf/total_fps": 19356, "Perf/collection time": 0.7236020565032959, "Perf/learning_time": 0.7691943645477295, "Std/mean_std": 0.8864132761955261, "Std/std_dim_0": 0.8540158867835999, "Std/std_dim_1": 0.9300988912582397, "Std/std_dim_2": 0.8690898418426514, "Std/std_dim_3": 0.8532816171646118, "Std/std_dim_4": 0.952734112739563, "Std/std_dim_5": 0.882098913192749, "Std/std_dim_6": 0.8477387428283691, "Std/std_dim_7": 0.9024922251701355, "Std/std_dim_8": 0.8714070320129395, "Std/std_dim_9": 0.8653220534324646, "Std/std_dim_10": 0.9282438158988953, "Std/std_dim_11": 0.8804365396499634, "Train/mean_reward": 46.34441455475986, "Train/mean_episode_length": 556.99, "_timestamp": 1721648404, "_runtime": 205, "_step": 132}