{"Episode/rew_action_rate": -0.04215092211961746, "Episode/rew_action_smoothness": -0.07184150069952011, "Episode/rew_ang_vel_xy": -0.027553223073482513, "Episode/rew_base_height": -0.0012115887366235256, "Episode/rew_dof_acc": -0.024062175303697586, "Episode/rew_feet_clearance_inter": 0.0004618056118488312, "Episode/rew_foot_clearance": -0.01704048551619053, "Episode/rew_foot_slip": -0.10567648708820343, "Episode/rew_joint_ref_pos": -0.005866764113306999, "Episode/rew_lin_vel_z": -0.007893993519246578, "Episode/rew_low_speed": 0.08483513444662094, "Episode/rew_orientation_eular": 0.0808650478720665, "Episode/rew_powers": -0.00020304188365116715, "Episode/rew_track_vel_hard": 0.05479356274008751, "Episode/rew_tracking_ang_vel": 0.28019192814826965, "Episode/rew_tracking_lin_vel": 0.7103484869003296, "Episode/rew_vel_mismatch_exp": 0.2032853364944458, "Episode/cost_acc_smoothness": 0.6778170466423035, "Episode/cost_base_height": 0.0008077258244156837, "Episode/cost_collision": 0.0007430555997416377, "Episode/cost_dof_vel_limits": 4.166666985838674e-05, "Episode/cost_feet_air_time": 0.0438440702855587, "Episode/cost_hip_pos": 0.06362394988536835, "Episode/cost_pos_limit": 0.0011944444850087166, "Episode/cost_stand_still": 0.09812657535076141, "Episode/cost_torque_limit": 0.0, "Loss/value_function": 0.010432400950230658, "Loss/surrogate": -0.010260503613972105, "Loss/learning_rate": 5.062500000000002e-05, "Perf/total_fps": 12425, "Perf/collection time": 0.6487424373626709, "Perf/learning_time": 0.34020233154296875, "Std/mean_std": 0.3550507426261902, "Std/std_dim_0": 0.30515214800834656, "Std/std_dim_1": 0.3859518766403198, "Std/std_dim_2": 0.3546176254749298, "Std/std_dim_3": 0.30902114510536194, "Std/std_dim_4": 0.39941343665122986, "Std/std_dim_5": 0.35892850160598755, "Std/std_dim_6": 0.32390668988227844, "Std/std_dim_7": 0.38043344020843506, "Std/std_dim_8": 0.36211633682250977, "Std/std_dim_9": 0.3370683789253235, "Std/std_dim_10": 0.38249683380126953, "Std/std_dim_11": 0.361502081155777, "Train/mean_reward": 19.76621737521142, "Train/mean_episode_length": 686.22, "_timestamp": 1721654842, "_runtime": 410, "_step": 443}