{"Episode/rew_action_rate": -0.030755100771784782, "Episode/rew_action_smoothness": -0.04177632927894592, "Episode/rew_ang_vel_xy": -0.018229860812425613, "Episode/rew_base_height": -0.0012485323240980506, "Episode/rew_dof_acc": -0.0016961585497483611, "Episode/rew_foot_clearance": -0.01567860133945942, "Episode/rew_foot_slip": -0.05171581357717514, "Episode/rew_lin_vel_z": -0.005473149474710226, "Episode/rew_low_speed": 0.11119849979877472, "Episode/rew_orientation_eular": 0.0997363030910492, "Episode/rew_powers": -1.8383343558525667e-05, "Episode/rew_track_vel_hard": 0.11144863069057465, "Episode/rew_tracking_ang_vel": 0.37795472145080566, "Episode/rew_tracking_lin_vel": 0.9044658541679382, "Episode/rew_vel_mismatch_exp": 0.2759096920490265, "Episode/cost_acc_smoothness": 0.11296647042036057, "Episode/cost_base_height": 0.0008323548827320337, "Episode/cost_collision": 2.083333492919337e-05, "Episode/cost_dof_vel_limits": 0.0, "Episode/cost_feet_air_time": 0.05064753443002701, "Episode/cost_hip_pos": 0.02992473542690277, "Episode/cost_pos_limit": 0.0004583333502523601, "Episode/cost_stand_still": 0.23258420825004578, "Episode/cost_torque_limit": 0.0, "Loss/value_function": 0.023354223184287547, "Loss/surrogate": -0.004148793588683475, "Loss/learning_rate": 3.3750000000000014e-05, "Perf/total_fps": 12209, "Perf/collection time": 0.6464047431945801, "Perf/learning_time": 0.35999512672424316, "Std/mean_std": 0.2214391678571701, "Std/std_dim_0": 0.1907849907875061, "Std/std_dim_1": 0.24372397363185883, "Std/std_dim_2": 0.23789267241954803, "Std/std_dim_3": 0.19312340021133423, "Std/std_dim_4": 0.2462596446275711, "Std/std_dim_5": 0.21317461133003235, "Std/std_dim_6": 0.2142179161310196, "Std/std_dim_7": 0.26190415024757385, "Std/std_dim_8": 0.20838835835456848, "Std/std_dim_9": 0.1908901184797287, "Std/std_dim_10": 0.22614127397537231, "Std/std_dim_11": 0.23076875507831573, "Train/mean_reward": 22.297175944615155, "Train/mean_episode_length": 639.66, "_timestamp": 1721738702, "_runtime": 1074, "_step": 1168}