{"Episode/rew_action_rate": -0.002853797283023596, "Episode/rew_action_smoothness": -0.008186552673578262, "Episode/rew_ang_vel_xy": -0.003045399207621813, "Episode/rew_base_height": -5.967803190287668e-06, "Episode/rew_default_joint_pos": -5.0948787247762084e-05, "Episode/rew_dof_acc": -0.002764682983979583, "Episode/rew_feet_clearance_inter": 1.0964912462441134e-06, "Episode/rew_foot_clearance": -0.00039187626680359244, "Episode/rew_foot_slip": -0.0005495439399965107, "Episode/rew_lin_vel_z": -0.001074141589924693, "Episode/rew_low_speed": -0.002185005694627762, "Episode/rew_orientation_eular": 0.0006714643677696586, "Episode/rew_powers": -2.3863616661401466e-05, "Episode/rew_track_vel_hard": -0.0015441341092810035, "Episode/rew_tracking_ang_vel": 0.0013844789937138557, "Episode/rew_tracking_lin_vel": 0.009823461063206196, "Episode/rew_vel_mismatch_exp": 0.0026215557008981705, "Episode/cost_acc_smoothness": 0.27515989542007446, "Episode/cost_base_height": 1.1935606380575337e-05, "Episode/cost_collision": 0.0008542404393665493, "Episode/cost_dof_vel_limits": 0.006636945065110922, "Episode/cost_feet_air_time": 0.0011254436103627086, "Episode/cost_hip_pos": 0.000780682428739965, "Episode/cost_pos_limit": 0.0016052459832280874, "Episode/cost_stand_still": 0.0023230710066854954, "Episode/cost_torque_limit": 0.0, "Loss/value_function": 0.00153205685201101, "Loss/surrogate": -0.012540089868707582, "Loss/learning_rate": 0.00038443359375000017, "Perf/total_fps": 7237, "Perf/collection time": 2.657365560531616, "Perf/learning_time": 0.7384786605834961, "Std/mean_std": 0.9965397715568542, "Std/std_dim_0": 0.9985648393630981, "Std/std_dim_1": 0.9954686760902405, "Std/std_dim_2": 0.99610835313797, "Std/std_dim_3": 0.9952774047851562, "Std/std_dim_4": 0.9983588457107544, "Std/std_dim_5": 0.9961134791374207, "Std/std_dim_6": 0.9953527450561523, "Std/std_dim_7": 0.9953762292861938, "Std/std_dim_8": 0.9960888624191284, "Std/std_dim_9": 0.995248019695282, "Std/std_dim_10": 0.998699963092804, "Std/std_dim_11": 0.9978188276290894, "Train/mean_reward": 0.02283223453327082, "Train/mean_episode_length": 22.34, "_timestamp": 1721524797, "_runtime": 11, "_step": 0, "_wandb": {"runtime": 8}}