{"Episode/rew_action_rate": -0.05014944076538086, "Episode/rew_action_smoothness": -0.13433484733104706, "Episode/rew_ang_vel_xy": -0.029184510931372643, "Episode/rew_base_height": -0.00021944711625110358, "Episode/rew_default_joint_pos": -0.0015684397658333182, "Episode/rew_dof_acc": -0.012784145772457123, "Episode/rew_feet_clearance_inter": 0.00013333333481568843, "Episode/rew_foot_clearance": -0.007075429894030094, "Episode/rew_foot_slip": -0.033680837601423264, "Episode/rew_lin_vel_z": -0.004226337652653456, "Episode/rew_low_speed": -0.18040494620800018, "Episode/rew_orientation_eular": 0.08412286639213562, "Episode/rew_powers": -0.00024187820963561535, "Episode/rew_track_vel_hard": -0.03439013659954071, "Episode/rew_tracking_ang_vel": 0.4215489327907562, "Episode/rew_tracking_lin_vel": 0.7044252157211304, "Episode/rew_vel_mismatch_exp": 0.23642975091934204, "Episode/cost_acc_smoothness": 0.7396477460861206, "Episode/cost_base_height": 0.00043889423250220716, "Episode/cost_collision": 0.0004375000426080078, "Episode/cost_dof_vel_limits": 0.021395830437541008, "Episode/cost_feet_air_time": 0.006698749028146267, "Episode/cost_hip_pos": 0.05791168659925461, "Episode/cost_pos_limit": 0.02218749187886715, "Episode/cost_stand_still": 0.3951481282711029, "Episode/cost_torque_limit": 0.0, "Loss/value_function": 0.02214683936908841, "Loss/surrogate": 0.0024429593351669608, "Loss/learning_rate": 0.0008649755859375004, "Perf/total_fps": 17142, "Perf/collection time": 0.7810869216918945, "Perf/learning_time": 0.652524471282959, "Std/mean_std": 0.4563668668270111, "Std/std_dim_0": 0.5410668849945068, "Std/std_dim_1": 0.4914943277835846, "Std/std_dim_2": 0.36421698331832886, "Std/std_dim_3": 0.5268714427947998, "Std/std_dim_4": 0.5081207752227783, "Std/std_dim_5": 0.35010626912117004, "Std/std_dim_6": 0.5230002999305725, "Std/std_dim_7": 0.46177637577056885, "Std/std_dim_8": 0.34267479181289673, "Std/std_dim_9": 0.525908350944519, "Std/std_dim_10": 0.4819425344467163, "Std/std_dim_11": 0.359223335981369, "Train/mean_reward": 16.591419984446837, "Train/mean_episode_length": 702.19, "_timestamp": 1721481103, "_runtime": 980, "_step": 736}