{"Episode/rew_action_rate": -0.1294557750225067, "Episode/rew_action_smoothness": -0.33157750964164734, "Episode/rew_ang_vel_xy": -0.08865678310394287, "Episode/rew_base_height": -0.0014670607633888721, "Episode/rew_default_joint_pos": -0.0005593548994511366, "Episode/rew_dof_acc": -0.02493230253458023, "Episode/rew_feet_clearance_inter": 0.006812498904764652, "Episode/rew_foot_clearance": -0.0034115042071789503, "Episode/rew_foot_slip": -0.14986839890480042, "Episode/rew_lin_vel_z": -0.018314234912395477, "Episode/rew_low_speed": -0.13756874203681946, "Episode/rew_orientation_eular": 0.060134634375572205, "Episode/rew_powers": -0.0003674711042549461, "Episode/rew_torques": 1.2485556602478027, "Episode/rew_track_vel_hard": -0.04653037339448929, "Episode/rew_tracking_ang_vel": 0.12671859562397003, "Episode/rew_tracking_lin_vel": 0.6722412109375, "Episode/rew_vel_mismatch_exp": 0.17933452129364014, "Episode/cost_acc_smoothness": 0.42522919178009033, "Episode/cost_base_height": 0.0009780406253412366, "Episode/cost_collision": 0.08899300545454025, "Episode/cost_dof_vel_limits": 0.0001312500098720193, "Episode/cost_feet_air_time": 0.016872137784957886, "Episode/cost_hip_pos": 0.26693984866142273, "Episode/cost_pos_limit": 0.05767705291509628, "Episode/cost_stand_still": 0.41718876361846924, "Episode/cost_torque_limit": 0.0, "Loss/value_function": 0.07941550835967064, "Loss/surrogate": -0.00858895332494285, "Loss/learning_rate": 0.0001316872427983539, "Perf/total_fps": 17789, "Perf/collection time": 0.865135669708252, "Perf/learning_time": 0.7591860294342041, "Std/mean_std": 0.8712422251701355, "Std/std_dim_0": 0.8355560302734375, "Std/std_dim_1": 0.9006935954093933, "Std/std_dim_2": 0.8647940754890442, "Std/std_dim_3": 0.8612595796585083, "Std/std_dim_4": 0.9150454998016357, "Std/std_dim_5": 0.8614198565483093, "Std/std_dim_6": 0.8596389889717102, "Std/std_dim_7": 0.869239866733551, "Std/std_dim_8": 0.867946207523346, "Std/std_dim_9": 0.851314902305603, "Std/std_dim_10": 0.9027578234672546, "Std/std_dim_11": 0.8652400970458984, "Train/mean_reward": 27.522075850460677, "Train/mean_episode_length": 782.87, "_timestamp": 1721647028, "_runtime": 312, "_step": 70}