{"Episode/rew_action_rate": -0.029743898659944534, "Episode/rew_action_smoothness": -0.0725451335310936, "Episode/rew_ang_vel_xy": -0.018663357943296432, "Episode/rew_base_height": -0.000201116650714539, "Episode/rew_default_joint_pos": -0.0022212564945220947, "Episode/rew_dof_acc": -0.004744495265185833, "Episode/rew_foot_clearance": -5.518703255802393e-05, "Episode/rew_foot_slip": -0.030381780117750168, "Episode/rew_lin_vel_z": -0.006288111209869385, "Episode/rew_low_speed": -0.07690420746803284, "Episode/rew_orientation_eular": 0.04071057215332985, "Episode/rew_powers": -0.00010871879931073636, "Episode/rew_track_vel_hard": -0.005920158699154854, "Episode/rew_tracking_ang_vel": 0.1582043170928955, "Episode/rew_tracking_lin_vel": 0.3817201852798462, "Episode/rew_vel_mismatch_exp": 0.11308809369802475, "Episode/cost_acc_smoothness": 0.05145549029111862, "Episode/cost_base_height": 0.00013407778169494122, "Episode/cost_collision": 0.0005727182724513113, "Episode/cost_dof_vel_limits": 3.958334127673879e-05, "Episode/cost_feet_air_time": 0.011493125930428505, "Episode/cost_hip_pos": 0.015235128812491894, "Episode/cost_pos_limit": 0.015624101273715496, "Episode/cost_stand_still": 0.12166731804609299, "Episode/cost_torque_limit": 0.0, "Episode/terrain_level": 0.0, "Loss/value_function": 0.02461189916357398, "Loss/surrogate": -0.00500563960328293, "Loss/learning_rate": 0.00038443359375000017, "Perf/total_fps": 13733, "Perf/collection time": 1.1858797073364258, "Perf/learning_time": 0.6035690307617188, "Std/mean_std": 0.5490682721138, "Std/std_dim_0": 0.5215704441070557, "Std/std_dim_1": 0.6127780079841614, "Std/std_dim_2": 0.5134949088096619, "Std/std_dim_3": 0.47797176241874695, "Std/std_dim_4": 0.6367500424385071, "Std/std_dim_5": 0.49763017892837524, "Std/std_dim_6": 0.5188729763031006, "Std/std_dim_7": 0.650740385055542, "Std/std_dim_8": 0.4866963326931, "Std/std_dim_9": 0.5238499045372009, "Std/std_dim_10": 0.6331918239593506, "Std/std_dim_11": 0.5152720212936401, "Train/mean_reward": 8.10100028778077, "Train/mean_episode_length": 431.15, "_timestamp": 1722054997.5605004, "_runtime": 974.4935142993927, "_step": 642, "_wandb": {"runtime": 973}}