{"Episode/rew_action_rate": -0.021434657275676727, "Episode/rew_action_smoothness": -0.030600396916270256, "Episode/rew_ang_vel_xy": -0.016128787770867348, "Episode/rew_base_height": -0.00043732041376642883, "Episode/rew_dof_acc": -0.012747211381793022, "Episode/rew_feet_clearance_inter": 0.0029886853881180286, "Episode/rew_foot_clearance": -0.00819905661046505, "Episode/rew_foot_slip": -0.025172261521220207, "Episode/rew_lin_vel_z": -0.004292947240173817, "Episode/rew_low_speed": 0.048519209027290344, "Episode/rew_orientation_eular": 0.045042674988508224, "Episode/rew_powers": -0.00010969666618620977, "Episode/rew_track_vel_hard": 0.05012451857328415, "Episode/rew_tracking_ang_vel": 0.15678709745407104, "Episode/rew_tracking_lin_vel": 0.4157179296016693, "Episode/rew_vel_mismatch_exp": 0.11799898743629456, "Episode/cost_acc_smoothness": 0.2575916051864624, "Episode/cost_base_height": 0.00029154703952372074, "Episode/cost_collision": 0.0, "Episode/cost_dof_vel_limits": 0.0, "Episode/cost_feet_air_time": 0.023210573941469193, "Episode/cost_hip_pos": 0.02114446461200714, "Episode/cost_pos_limit": 0.00398611044511199, "Episode/cost_stand_still": 0.12379379570484161, "Episode/cost_torque_limit": 0.0, "Loss/value_function": 0.007787455548532307, "Loss/surrogate": -0.0060921319294720885, "Loss/learning_rate": 7.593750000000002e-05, "Perf/total_fps": 11984, "Perf/collection time": 0.6778674125671387, "Perf/learning_time": 0.3474156856536865, "Std/mean_std": 0.29166215658187866, "Std/std_dim_0": 0.2511168420314789, "Std/std_dim_1": 0.33247023820877075, "Std/std_dim_2": 0.29110825061798096, "Std/std_dim_3": 0.24835406243801117, "Std/std_dim_4": 0.32608312368392944, "Std/std_dim_5": 0.2971029281616211, "Std/std_dim_6": 0.2662820518016815, "Std/std_dim_7": 0.32794269919395447, "Std/std_dim_8": 0.28361281752586365, "Std/std_dim_9": 0.25995126366615295, "Std/std_dim_10": 0.31789064407348633, "Std/std_dim_11": 0.298030823469162, "Train/mean_reward": 23.378010537847878, "Train/mean_episode_length": 697.97, "_timestamp": 1721737579, "_runtime": 728, "_step": 783}