{"Episode/rew_action_rate": -0.03909093514084816, "Episode/rew_action_smoothness": -0.07613447308540344, "Episode/rew_ang_vel_xy": -0.02759639173746109, "Episode/rew_base_height": -0.0001651117199799046, "Episode/rew_default_joint_pos": -0.004998716525733471, "Episode/rew_dof_acc": -0.014154168777167797, "Episode/rew_feet_clearance_inter": 8.159723074641079e-05, "Episode/rew_foot_clearance": -0.006321038585156202, "Episode/rew_foot_slip": -0.13988052308559418, "Episode/rew_lin_vel_z": -0.010503961704671383, "Episode/rew_low_speed": 0.0711112767457962, "Episode/rew_orientation_eular": 0.06131715327501297, "Episode/rew_powers": -0.00038960514939390123, "Episode/rew_track_vel_hard": 0.047135334461927414, "Episode/rew_tracking_ang_vel": 0.3169083297252655, "Episode/rew_tracking_lin_vel": 0.7954208850860596, "Episode/rew_vel_mismatch_exp": 0.22551976144313812, "Episode/cost_acc_smoothness": 0.05349108576774597, "Episode/cost_base_height": 0.0001100744993891567, "Episode/cost_collision": 0.005322915967553854, "Episode/cost_dof_vel_limits": 0.0, "Episode/cost_feet_air_time": 0.02044479176402092, "Episode/cost_hip_pos": 0.022487636655569077, "Episode/cost_pos_limit": 0.007343749515712261, "Episode/cost_stand_still": 0.2894991934299469, "Episode/cost_torque_limit": 0.0, "Loss/value_function": 0.00981469985563308, "Loss/surrogate": -0.002845226653153077, "Loss/learning_rate": 0.00017085937500000009, "Perf/total_fps": 20018, "Perf/collection time": 0.6816115379333496, "Perf/learning_time": 0.7618250846862793, "Std/mean_std": 0.35509204864501953, "Std/std_dim_0": 0.3376941978931427, "Std/std_dim_1": 0.4388507008552551, "Std/std_dim_2": 0.3040124773979187, "Std/std_dim_3": 0.3169364631175995, "Std/std_dim_4": 0.42287060618400574, "Std/std_dim_5": 0.285256952047348, "Std/std_dim_6": 0.34042873978614807, "Std/std_dim_7": 0.4316999316215515, "Std/std_dim_8": 0.31273210048675537, "Std/std_dim_9": 0.3382863998413086, "Std/std_dim_10": 0.43751224875450134, "Std/std_dim_11": 0.29482364654541016, "Train/mean_reward": 24.79128379702568, "Train/mean_episode_length": 874.26, "_timestamp": 1721634827, "_runtime": 2174, "_step": 1444}