{"Episode/rew_action_rate": -0.008565346710383892, "Episode/rew_action_smoothness": -0.010648448020219803, "Episode/rew_ang_vel_xy": -0.01080137025564909, "Episode/rew_base_height": -0.0013615433126688004, "Episode/rew_default_joint_pos": -9.134850552072749e-05, "Episode/rew_dof_acc": -0.00715965311974287, "Episode/rew_feet_clearance_inter": 0.00022916668967809528, "Episode/rew_foot_clearance": -0.011554392985999584, "Episode/rew_foot_slip": -0.009630548767745495, "Episode/rew_lin_vel_z": -0.003443587338551879, "Episode/rew_low_speed": 0.044006794691085815, "Episode/rew_orientation_eular": 0.043541934341192245, "Episode/rew_powers": -7.640632975380868e-05, "Episode/rew_track_vel_hard": 0.040889542549848557, "Episode/rew_tracking_ang_vel": 0.14241239428520203, "Episode/rew_tracking_lin_vel": 0.3396758437156677, "Episode/rew_vel_mismatch_exp": 0.10444873571395874, "Episode/cost_acc_smoothness": 0.12255050987005234, "Episode/cost_base_height": 0.0009076948626898229, "Episode/cost_collision": 0.0018333334010094404, "Episode/cost_dof_vel_limits": 0.0, "Episode/cost_feet_air_time": 0.013027499429881573, "Episode/cost_hip_pos": 0.026037324219942093, "Episode/cost_pos_limit": 0.009833334013819695, "Episode/cost_stand_still": 0.15790769457817078, "Episode/cost_torque_limit": 0.0, "Loss/value_function": 0.0049325498985126615, "Loss/surrogate": 0.0016267303319182247, "Loss/learning_rate": 7.593750000000002e-05, "Perf/total_fps": 12111, "Perf/collection time": 0.6712868213653564, "Perf/learning_time": 0.3432772159576416, "Std/mean_std": 0.18610911071300507, "Std/std_dim_0": 0.1493363380432129, "Std/std_dim_1": 0.22990043461322784, "Std/std_dim_2": 0.17164747416973114, "Std/std_dim_3": 0.16735385358333588, "Std/std_dim_4": 0.21225419640541077, "Std/std_dim_5": 0.175099715590477, "Std/std_dim_6": 0.15822696685791016, "Std/std_dim_7": 0.2298656702041626, "Std/std_dim_8": 0.16561980545520782, "Std/std_dim_9": 0.16969403624534607, "Std/std_dim_10": 0.21453644335269928, "Std/std_dim_11": 0.18977442383766174, "Train/mean_reward": 19.862887279316784, "Train/mean_episode_length": 582.07, "_timestamp": 1721652602, "_runtime": 1478, "_step": 1575}