{"Episode/rew_action_rate": -0.0008819964714348316, "Episode/rew_action_smoothness": -0.001840632176026702, "Episode/rew_ang_vel_xy": -0.0035353496205061674, "Episode/rew_base_height": -3.064428165089339e-05, "Episode/rew_default_joint_pos": -0.00015774522034917027, "Episode/rew_dof_acc": -0.0009021223522722721, "Episode/rew_feet_clearance_inter": 0.0, "Episode/rew_foot_clearance": -0.00010984220716636628, "Episode/rew_foot_slip": -0.0005585538456216455, "Episode/rew_lin_vel_z": -0.0004814327403437346, "Episode/rew_low_speed": -0.002428425010293722, "Episode/rew_orientation_eular": 0.004485267214477062, "Episode/rew_powers": -7.036502211121842e-06, "Episode/rew_track_vel_hard": -0.000992023153230548, "Episode/rew_tracking_ang_vel": 0.0024039398413151503, "Episode/rew_tracking_lin_vel": 0.009105448611080647, "Episode/rew_vel_mismatch_exp": 0.004767490550875664, "Episode/cost_acc_smoothness": 0.06374164670705795, "Episode/cost_base_height": 6.128856330178678e-05, "Episode/cost_collision": 0.00048303953371942043, "Episode/cost_dof_vel_limits": 0.0005245574866421521, "Episode/cost_feet_air_time": 0.0001748365757521242, "Episode/cost_hip_pos": 0.0004381491744425148, "Episode/cost_pos_limit": 1.8460204955772497e-05, "Episode/cost_stand_still": 0.0069251107051968575, "Episode/cost_torque_limit": 0.0, "Loss/value_function": 0.025949499011039732, "Loss/surrogate": -0.006192638448555954, "Loss/learning_rate": 0.0002562890625000001, "Perf/total_fps": 19160, "Perf/collection time": 0.6160132884979248, "Perf/learning_time": 0.6666514873504639, "Std/mean_std": 0.33531785011291504, "Std/std_dim_0": 0.4068962633609772, "Std/std_dim_1": 0.35866808891296387, "Std/std_dim_2": 0.2298852801322937, "Std/std_dim_3": 0.40767624974250793, "Std/std_dim_4": 0.347046434879303, "Std/std_dim_5": 0.26023054122924805, "Std/std_dim_6": 0.412406325340271, "Std/std_dim_7": 0.3821128010749817, "Std/std_dim_8": 0.2628272771835327, "Std/std_dim_9": 0.4076952338218689, "Std/std_dim_10": 0.32830125093460083, "Std/std_dim_11": 0.22006870806217194, "Train/mean_reward": 0.27340515499934553, "Train/mean_episode_length": 15.31, "_timestamp": 1721478131, "_runtime": 2246, "_step": 1725}