{"Episode/rew_action_rate": -0.03874359279870987, "Episode/rew_action_smoothness": -0.056427981704473495, "Episode/rew_ang_vel_xy": -0.02107122540473938, "Episode/rew_base_height": -0.0017250300152227283, "Episode/rew_dof_acc": -0.022364076226949692, "Episode/rew_feet_clearance_inter": 0.00011458334483904764, "Episode/rew_foot_clearance": -0.022127753123641014, "Episode/rew_foot_slip": -0.11262639611959457, "Episode/rew_joint_ref_pos": 0.00797122810035944, "Episode/rew_lin_vel_z": -0.007013997994363308, "Episode/rew_low_speed": 0.12603163719177246, "Episode/rew_orientation_eular": 0.10080531239509583, "Episode/rew_powers": -0.00019545323448255658, "Episode/rew_track_vel_hard": 0.07815879583358765, "Episode/rew_tracking_ang_vel": 0.3278164267539978, "Episode/rew_tracking_lin_vel": 0.8028191328048706, "Episode/rew_vel_mismatch_exp": 0.23644861578941345, "Episode/cost_acc_smoothness": 0.36408138275146484, "Episode/cost_base_height": 0.001150019932538271, "Episode/cost_collision": 0.0005972222425043583, "Episode/cost_dof_vel_limits": 5.555555981118232e-05, "Episode/cost_feet_air_time": 0.04988115280866623, "Episode/cost_hip_pos": 0.04573803395032883, "Episode/cost_pos_limit": 0.0025486103259027004, "Episode/cost_stand_still": 0.18372635543346405, "Episode/cost_torque_limit": 0.0, "Loss/value_function": 0.008279895968735218, "Loss/surrogate": -0.012518646186799742, "Loss/learning_rate": 3.3750000000000014e-05, "Perf/total_fps": 12812, "Perf/collection time": 0.6183230876922607, "Perf/learning_time": 0.3407468795776367, "Std/mean_std": 0.28835976123809814, "Std/std_dim_0": 0.24851804971694946, "Std/std_dim_1": 0.32047802209854126, "Std/std_dim_2": 0.2906980514526367, "Std/std_dim_3": 0.24570345878601074, "Std/std_dim_4": 0.32427558302879333, "Std/std_dim_5": 0.2944795489311218, "Std/std_dim_6": 0.23904399573802948, "Std/std_dim_7": 0.3329108655452728, "Std/std_dim_8": 0.289469838142395, "Std/std_dim_9": 0.24101409316062927, "Std/std_dim_10": 0.3311951160430908, "Std/std_dim_11": 0.3025306463241577, "Train/mean_reward": 24.36074579693377, "Train/mean_episode_length": 752.97, "_timestamp": 1721655508, "_runtime": 601, "_step": 633}