{"Episode/rew_action_rate": -0.04651517793536186, "Episode/rew_action_smoothness": -0.11382107436656952, "Episode/rew_ang_vel_xy": -0.027684276923537254, "Episode/rew_base_height": -0.00012089054507669061, "Episode/rew_default_joint_pos": -0.003166171722114086, "Episode/rew_dof_acc": -0.01607639715075493, "Episode/rew_foot_clearance": -0.00014033632760401815, "Episode/rew_foot_slip": -0.08753383159637451, "Episode/rew_lin_vel_z": -0.006201048381626606, "Episode/rew_low_speed": -0.1964196413755417, "Episode/rew_orientation_eular": 0.16144633293151855, "Episode/rew_powers": -0.0003406844916753471, "Episode/rew_track_vel_hard": -0.05631320923566818, "Episode/rew_tracking_ang_vel": 0.17610590159893036, "Episode/rew_tracking_lin_vel": 0.5620394945144653, "Episode/rew_vel_mismatch_exp": 0.24394887685775757, "Episode/cost_acc_smoothness": 0.821028470993042, "Episode/cost_base_height": 8.059370884438977e-05, "Episode/cost_collision": 0.000281250016996637, "Episode/cost_dof_vel_limits": 0.0099930539727211, "Episode/cost_feet_air_time": 0.021849755197763443, "Episode/cost_hip_pos": 0.03272796794772148, "Episode/cost_pos_limit": 0.012725690379738808, "Episode/cost_stand_still": 0.09980505704879761, "Episode/cost_torque_limit": 0.0, "Loss/value_function": 0.006700058630667627, "Loss/surrogate": 0.003212522334069945, "Loss/learning_rate": 0.00038443359375000017, "Perf/total_fps": 15738, "Perf/collection time": 0.9017493724822998, "Perf/learning_time": 0.6598033905029297, "Std/mean_std": 0.4625736176967621, "Std/std_dim_0": 0.44098004698753357, "Std/std_dim_1": 0.5298302173614502, "Std/std_dim_2": 0.4327707588672638, "Std/std_dim_3": 0.4281719923019409, "Std/std_dim_4": 0.5714513659477234, "Std/std_dim_5": 0.3778083920478821, "Std/std_dim_6": 0.454820841550827, "Std/std_dim_7": 0.5409022569656372, "Std/std_dim_8": 0.43073445558547974, "Std/std_dim_9": 0.4190901219844818, "Std/std_dim_10": 0.5371640920639038, "Std/std_dim_11": 0.3871585428714752, "Train/mean_reward": 12.412273023482411, "Train/mean_episode_length": 902.15, "_timestamp": 1721829172.507351, "_runtime": 987.7569408416748, "_step": 737, "_wandb": {"runtime": 984}}