{"Episode/rew_action_rate": -0.06192971393465996, "Episode/rew_action_smoothness": -0.13792333006858826, "Episode/rew_ang_vel_xy": -0.03532267361879349, "Episode/rew_base_height": -0.0028476854786276817, "Episode/rew_default_joint_pos": -0.005681465845555067, "Episode/rew_dof_acc": -0.023281529545783997, "Episode/rew_feet_clearance_inter": 1.0416667464596685e-05, "Episode/rew_foot_clearance": -0.013224927708506584, "Episode/rew_foot_slip": -0.05162294954061508, "Episode/rew_lin_vel_z": -0.009215212427079678, "Episode/rew_low_speed": 0.1050899475812912, "Episode/rew_orientation_eular": 0.12146367877721786, "Episode/rew_powers": -0.00020926537399645895, "Episode/rew_track_vel_hard": 0.1428554654121399, "Episode/rew_tracking_ang_vel": 0.36502498388290405, "Episode/rew_tracking_lin_vel": 0.9561917185783386, "Episode/rew_vel_mismatch_exp": 0.2591381072998047, "Episode/cost_acc_smoothness": 0.09833276271820068, "Episode/cost_base_height": 0.0018984568305313587, "Episode/cost_collision": 0.0006305555580183864, "Episode/cost_dof_vel_limits": 2.083333492919337e-05, "Episode/cost_feet_air_time": 0.011686921119689941, "Episode/cost_hip_pos": 0.02156548760831356, "Episode/cost_pos_limit": 4.166666985838674e-05, "Episode/cost_stand_still": 0.2799982726573944, "Episode/cost_torque_limit": 0.0, "Loss/value_function": 0.021756367431953548, "Loss/surrogate": -0.0024920145246142057, "Loss/learning_rate": 1e-05, "Perf/total_fps": 18110, "Perf/collection time": 0.8533709049224854, "Perf/learning_time": 0.7421243190765381, "Std/mean_std": 0.44907236099243164, "Std/std_dim_0": 0.38792234659194946, "Std/std_dim_1": 0.5341088771820068, "Std/std_dim_2": 0.41823074221611023, "Std/std_dim_3": 0.40716037154197693, "Std/std_dim_4": 0.5319277048110962, "Std/std_dim_5": 0.4217400848865509, "Std/std_dim_6": 0.43654975295066833, "Std/std_dim_7": 0.5149828195571899, "Std/std_dim_8": 0.4142106771469116, "Std/std_dim_9": 0.400890052318573, "Std/std_dim_10": 0.5192663669586182, "Std/std_dim_11": 0.4018785357475281, "Train/mean_reward": 31.82200807020068, "Train/mean_episode_length": 963.75, "_timestamp": 1721628416, "_runtime": 3606, "_step": 2327}