{"Episode/rew_action_rate": -0.0005539283156394958, "Episode/rew_action_smoothness": -0.0014299418544396758, "Episode/rew_ang_vel_xy": -0.003532709553837776, "Episode/rew_base_height": -7.184876722021727e-06, "Episode/rew_default_joint_pos": -0.00011486973380669951, "Episode/rew_dof_acc": -0.0009151179110631347, "Episode/rew_feet_clearance_inter": 2.367873776165652e-06, "Episode/rew_foot_clearance": -4.311556040192954e-05, "Episode/rew_foot_slip": -0.0008740592747926712, "Episode/rew_lin_vel_z": -0.00034019103622995317, "Episode/rew_low_speed": -0.0003489721566438675, "Episode/rew_orientation_eular": 0.0029116279911249876, "Episode/rew_powers": -6.286448297032621e-06, "Episode/rew_track_vel_hard": -0.0001728346396703273, "Episode/rew_tracking_ang_vel": 0.0015411697095260024, "Episode/rew_tracking_lin_vel": 0.007505176123231649, "Episode/rew_vel_mismatch_exp": 0.0028642932884395123, "Episode/cost_acc_smoothness": 0.05962437018752098, "Episode/cost_base_height": 1.4369753444043454e-05, "Episode/cost_collision": 0.0004955553449690342, "Episode/cost_dof_vel_limits": 0.0004929869319312274, "Episode/cost_feet_air_time": 0.00015935429837554693, "Episode/cost_hip_pos": 0.00030509670614264905, "Episode/cost_pos_limit": 3.4018128644675016e-05, "Episode/cost_stand_still": 0.003914248663932085, "Episode/cost_torque_limit": 0.0, "Loss/value_function": 0.03152080839499831, "Loss/surrogate": 0.007894938130630181, "Loss/learning_rate": 0.0008649755859375004, "Perf/total_fps": 19965, "Perf/collection time": 0.5708277225494385, "Perf/learning_time": 0.6601123809814453, "Std/mean_std": 0.3643837571144104, "Std/std_dim_0": 0.4196794629096985, "Std/std_dim_1": 0.4126047194004059, "Std/std_dim_2": 0.26966413855552673, "Std/std_dim_3": 0.4175781309604645, "Std/std_dim_4": 0.41378408670425415, "Std/std_dim_5": 0.2576856315135956, "Std/std_dim_6": 0.4277629852294922, "Std/std_dim_7": 0.38579100370407104, "Std/std_dim_8": 0.2793794870376587, "Std/std_dim_9": 0.42204487323760986, "Std/std_dim_10": 0.39063605666160583, "Std/std_dim_11": 0.275994211435318, "Train/mean_reward": 0.3147909511695616, "Train/mean_episode_length": 15.39, "_timestamp": 1721465437, "_runtime": 813, "_step": 651, "_wandb": {"runtime": 808}}