{"Episode/rew_action_rate": -0.0002192945103161037, "Episode/rew_action_smoothness": -0.0004194687935523689, "Episode/rew_ang_vel_xy": -0.00298922136425972, "Episode/rew_base_height": -1.1609280363700236e-06, "Episode/rew_default_joint_pos": -7.086012374202255e-06, "Episode/rew_dof_acc": -0.00046360568376258016, "Episode/rew_feet_clearance_inter": 0.0, "Episode/rew_foot_clearance": -7.579124485346256e-06, "Episode/rew_foot_slip": -0.00013709618360735476, "Episode/rew_lin_vel_z": -0.00041296123526990414, "Episode/rew_low_speed": -0.000136734961415641, "Episode/rew_orientation_eular": 4.418117896420881e-05, "Episode/rew_powers": -3.648788151622284e-06, "Episode/rew_track_vel_hard": -0.00011664930207189173, "Episode/rew_tracking_ang_vel": 0.0001525233528809622, "Episode/rew_tracking_lin_vel": 0.00042249035323038697, "Episode/rew_vel_mismatch_exp": 0.00013642161502502859, "Episode/cost_acc_smoothness": 0.024450717493891716, "Episode/cost_base_height": 8.930215926739038e-07, "Episode/cost_collision": 0.00046218070201575756, "Episode/cost_dof_vel_limits": 0.00010837989975698292, "Episode/cost_feet_air_time": 8.472171430184972e-06, "Episode/cost_hip_pos": 5.474237696034834e-05, "Episode/cost_pos_limit": 1.7676115930953529e-06, "Episode/cost_stand_still": 0.0002619763254188001, "Episode/cost_torque_limit": 0.0, "Loss/value_function": 0.0010718876495957375, "Loss/surrogate": 0.005586312594823539, "Loss/learning_rate": 0.00017085937500000006, "Perf/total_fps": 15300, "Perf/collection time": 0.9537448883056641, "Perf/learning_time": 0.6524431705474854, "Std/mean_std": 0.2869091033935547, "Std/std_dim_0": 0.2919693887233734, "Std/std_dim_1": 0.33794891834259033, "Std/std_dim_2": 0.25813043117523193, "Std/std_dim_3": 0.2678413391113281, "Std/std_dim_4": 0.38087403774261475, "Std/std_dim_5": 0.2143944650888443, "Std/std_dim_6": 0.2640063166618347, "Std/std_dim_7": 0.339091956615448, "Std/std_dim_8": 0.2701367437839508, "Std/std_dim_9": 0.28286856412887573, "Std/std_dim_10": 0.3072884678840637, "Std/std_dim_11": 0.2283588945865631, "Train/mean_reward": 0.0, "Train/mean_episode_length": 1.11, "_timestamp": 1721463230, "_runtime": 1611, "_step": 1173, "_wandb": {"runtime": 1607}}