{"Episode/rew_action_rate": -0.10389691591262817, "Episode/rew_action_smoothness": -0.280075341463089, "Episode/rew_ang_vel_xy": -0.06080889329314232, "Episode/rew_base_height": -0.0003403685404919088, "Episode/rew_default_joint_pos": -0.0007436437881551683, "Episode/rew_dof_acc": -0.015716053545475006, "Episode/rew_feet_clearance_inter": 0.0002552083460614085, "Episode/rew_foot_clearance": -0.0030640875920653343, "Episode/rew_foot_slip": -0.05042821168899536, "Episode/rew_lin_vel_z": -0.011761280708014965, "Episode/rew_low_speed": -0.13408902287483215, "Episode/rew_orientation_eular": 0.06646347045898438, "Episode/rew_powers": -0.0002029954775935039, "Episode/rew_track_vel_hard": -0.022927304729819298, "Episode/rew_tracking_ang_vel": 0.13648800551891327, "Episode/rew_tracking_lin_vel": 0.6645652651786804, "Episode/rew_vel_mismatch_exp": 0.1891850233078003, "Episode/cost_acc_smoothness": 0.05841761454939842, "Episode/cost_base_height": 0.0002269123651785776, "Episode/cost_collision": 0.0040881941094994545, "Episode/cost_dof_vel_limits": 1.6666668670950457e-05, "Episode/cost_feet_air_time": 0.02559909224510193, "Episode/cost_hip_pos": 0.12299123406410217, "Episode/cost_pos_limit": 0.021206241101026535, "Episode/cost_stand_still": 0.36710482835769653, "Episode/cost_torque_limit": 0.0, "Loss/value_function": 0.005871767923235893, "Loss/surrogate": -0.01701397178694606, "Loss/learning_rate": 0.0001316872427983539, "Perf/total_fps": 18597, "Perf/collection time": 0.797614336013794, "Perf/learning_time": 0.7561514377593994, "Std/mean_std": 0.7254635691642761, "Std/std_dim_0": 0.6887534856796265, "Std/std_dim_1": 0.7587699294090271, "Std/std_dim_2": 0.7288450002670288, "Std/std_dim_3": 0.6993496417999268, "Std/std_dim_4": 0.7548329830169678, "Std/std_dim_5": 0.7242894172668457, "Std/std_dim_6": 0.6921696066856384, "Std/std_dim_7": 0.7416014075279236, "Std/std_dim_8": 0.7431485652923584, "Std/std_dim_9": 0.6982172727584839, "Std/std_dim_10": 0.7345985174179077, "Std/std_dim_11": 0.7409869432449341, "Train/mean_reward": 7.9419970319606366, "Train/mean_episode_length": 788.32, "_timestamp": 1721624796, "_runtime": 111, "_step": 64, "_wandb": {"runtime": 111}}