{"Episode/rew_action_rate": -0.027886226773262024, "Episode/rew_action_smoothness": -0.041195135563611984, "Episode/rew_ang_vel_xy": -0.017646852880716324, "Episode/rew_base_height": -0.0010307696647942066, "Episode/rew_dof_acc": -0.014438129961490631, "Episode/rew_feet_clearance_inter": -0.0018551957327872515, "Episode/rew_foot_clearance": -0.013846788555383682, "Episode/rew_foot_slip": -0.039745233952999115, "Episode/rew_lin_vel_z": -0.00825695414096117, "Episode/rew_low_speed": 0.10170053690671921, "Episode/rew_orientation_eular": 0.07292729616165161, "Episode/rew_powers": -0.00014903410919941962, "Episode/rew_track_vel_hard": 0.05560796707868576, "Episode/rew_tracking_ang_vel": 0.24860183894634247, "Episode/rew_tracking_lin_vel": 0.6449760794639587, "Episode/rew_vel_mismatch_exp": 0.19126200675964355, "Episode/cost_acc_smoothness": 0.11428812146186829, "Episode/cost_base_height": 0.000687179621309042, "Episode/cost_collision": 4.166666985838674e-05, "Episode/cost_dof_vel_limits": 4.166666985838674e-05, "Episode/cost_feet_air_time": 0.04146003723144531, "Episode/cost_hip_pos": 0.023763589560985565, "Episode/cost_pos_limit": 0.0058750007301568985, "Episode/cost_stand_still": 0.09916716068983078, "Episode/cost_torque_limit": 0.0, "Loss/value_function": 0.00849937645252794, "Loss/surrogate": -0.002313272352785134, "Loss/learning_rate": 7.593750000000002e-05, "Perf/total_fps": 11712, "Perf/collection time": 0.6995856761932373, "Perf/learning_time": 0.34952783584594727, "Std/mean_std": 0.2727425992488861, "Std/std_dim_0": 0.23446542024612427, "Std/std_dim_1": 0.29114052653312683, "Std/std_dim_2": 0.27573931217193604, "Std/std_dim_3": 0.22644847631454468, "Std/std_dim_4": 0.3106893002986908, "Std/std_dim_5": 0.2788287103176117, "Std/std_dim_6": 0.2380039095878601, "Std/std_dim_7": 0.3131861686706543, "Std/std_dim_8": 0.2714778780937195, "Std/std_dim_9": 0.25326821208000183, "Std/std_dim_10": 0.2971840798854828, "Std/std_dim_11": 0.2824789583683014, "Train/mean_reward": 20.335020314604044, "Train/mean_episode_length": 622.68, "_timestamp": 1721736067, "_runtime": 791, "_step": 852}