{"Episode/rew_action_rate": -0.02004985511302948, "Episode/rew_action_smoothness": -0.05101729556918144, "Episode/rew_ang_vel_xy": -0.014452519826591015, "Episode/rew_base_height": -0.0001105836927308701, "Episode/rew_default_joint_pos": -0.002606048248708248, "Episode/rew_dof_acc": -0.0025548180565238, "Episode/rew_foot_clearance": -9.314561611972749e-05, "Episode/rew_foot_slip": -0.03214491531252861, "Episode/rew_lin_vel_z": -0.003744406159967184, "Episode/rew_low_speed": -0.12641775608062744, "Episode/rew_orientation_eular": 0.049538712948560715, "Episode/rew_powers": -6.946311623323709e-05, "Episode/rew_track_vel_hard": -0.04489836096763611, "Episode/rew_tracking_ang_vel": 0.13454386591911316, "Episode/rew_tracking_lin_vel": 0.43750160932540894, "Episode/rew_vel_mismatch_exp": 0.1424994319677353, "Episode/cost_acc_smoothness": 0.008783946745097637, "Episode/cost_base_height": 5.529184636543505e-05, "Episode/cost_collision": 0.0004118055512662977, "Episode/cost_dof_vel_limits": 5.208333823247813e-05, "Episode/cost_feet_air_time": 0.004249339923262596, "Episode/cost_hip_pos": 0.010334676131606102, "Episode/cost_pos_limit": 0.0023541664704680443, "Episode/cost_stand_still": 0.010122286155819893, "Episode/cost_torque_limit": 0.0, "Episode/terrain_level": 0.0, "Loss/value_function": 0.008985739923082292, "Loss/surrogate": 0.0009591130015905947, "Loss/learning_rate": 0.00038443359375000017, "Perf/total_fps": 14373, "Perf/collection time": 1.1083016395568848, "Perf/learning_time": 0.6015701293945312, "Std/mean_std": 0.41299980878829956, "Std/std_dim_0": 0.4597780704498291, "Std/std_dim_1": 0.4547862112522125, "Std/std_dim_2": 0.32055169343948364, "Std/std_dim_3": 0.46604037284851074, "Std/std_dim_4": 0.4231901168823242, "Std/std_dim_5": 0.3094036877155304, "Std/std_dim_6": 0.4772126376628876, "Std/std_dim_7": 0.43787941336631775, "Std/std_dim_8": 0.3252488672733307, "Std/std_dim_9": 0.4556758999824524, "Std/std_dim_10": 0.45580118894577026, "Std/std_dim_11": 0.3704293966293335, "Train/mean_reward": 9.163364730744506, "Train/mean_episode_length": 494.55, "_timestamp": 1722053989.324043, "_runtime": 2892.380196094513, "_step": 1992, "_wandb": {"runtime": 2891}}