{"Episode/rew_action_rate": -0.043408267199993134, "Episode/rew_action_smoothness": -0.09802988171577454, "Episode/rew_ang_vel_xy": -0.03146568685770035, "Episode/rew_base_height": -0.0002925334847532213, "Episode/rew_default_joint_pos": -0.002366515574976802, "Episode/rew_dof_acc": -0.01266193762421608, "Episode/rew_foot_clearance": -7.06837308825925e-05, "Episode/rew_foot_slip": -0.034013938158750534, "Episode/rew_lin_vel_z": -0.010987658053636551, "Episode/rew_low_speed": -0.04903149604797363, "Episode/rew_orientation_eular": 0.04316747933626175, "Episode/rew_powers": -0.00015697545313742012, "Episode/rew_track_vel_hard": -0.012071887962520123, "Episode/rew_tracking_ang_vel": 0.17900417745113373, "Episode/rew_tracking_lin_vel": 0.45163866877555847, "Episode/rew_vel_mismatch_exp": 0.1259237378835678, "Episode/cost_acc_smoothness": 0.15985116362571716, "Episode/cost_base_height": 0.00019502229406498373, "Episode/cost_collision": 0.0006319445092231035, "Episode/cost_dof_vel_limits": 0.00024305557599291205, "Episode/cost_feet_air_time": 0.028645653277635574, "Episode/cost_hip_pos": 0.017898444086313248, "Episode/cost_pos_limit": 0.033326372504234314, "Episode/cost_stand_still": 0.08125948905944824, "Episode/cost_torque_limit": 0.0, "Episode/terrain_level": 0.0009765625, "Loss/value_function": 0.018636821256950497, "Loss/surrogate": -0.0027741678612073885, "Loss/learning_rate": 0.00038443359375000017, "Perf/total_fps": 13748, "Perf/collection time": 1.1514368057250977, "Perf/learning_time": 0.6361329555511475, "Std/mean_std": 0.5946300625801086, "Std/std_dim_0": 0.5168794393539429, "Std/std_dim_1": 0.7087612748146057, "Std/std_dim_2": 0.5554483532905579, "Std/std_dim_3": 0.519404411315918, "Std/std_dim_4": 0.6795023083686829, "Std/std_dim_5": 0.5584912300109863, "Std/std_dim_6": 0.5360774993896484, "Std/std_dim_7": 0.6871017217636108, "Std/std_dim_8": 0.5613685846328735, "Std/std_dim_9": 0.5501067042350769, "Std/std_dim_10": 0.6957082152366638, "Std/std_dim_11": 0.5667106509208679, "Train/mean_reward": 10.586252512973733, "Train/mean_episode_length": 529.29, "_timestamp": 1722051059.0573668, "_runtime": 917.1149787902832, "_step": 583, "_wandb": {"runtime": 915}}