{"Episode/rew_action_rate": -0.06538552045822144, "Episode/rew_action_smoothness": -0.1487167477607727, "Episode/rew_ang_vel_xy": -0.03499592840671539, "Episode/rew_base_height": -4.4242195144761354e-05, "Episode/rew_default_joint_pos": -0.014774434268474579, "Episode/rew_dof_acc": -0.02180234156548977, "Episode/rew_foot_clearance": -0.000272993347607553, "Episode/rew_foot_slip": -0.054914072155952454, "Episode/rew_lin_vel_z": -0.0099467933177948, "Episode/rew_low_speed": 0.1474207490682602, "Episode/rew_orientation_eular": 0.10618828982114792, "Episode/rew_powers": -0.000335079210344702, "Episode/rew_track_vel_hard": 0.04227814823389053, "Episode/rew_tracking_ang_vel": 0.4088558554649353, "Episode/rew_tracking_lin_vel": 0.8897961378097534, "Episode/rew_vel_mismatch_exp": 0.25394606590270996, "Episode/cost_acc_smoothness": 0.06133124232292175, "Episode/cost_base_height": 2.9494794944184832e-05, "Episode/cost_collision": 0.0, "Episode/cost_dof_vel_limits": 0.0, "Episode/cost_feet_air_time": 0.012015072628855705, "Episode/cost_hip_pos": 0.00866664107888937, "Episode/cost_pos_limit": 0.002909721340984106, "Episode/cost_stand_still": 0.1478324830532074, "Episode/cost_torque_limit": 0.0, "Loss/value_function": 0.007827998197171837, "Loss/surrogate": -0.008115624671336263, "Loss/learning_rate": 0.0002562890625000001, "Perf/total_fps": 16957, "Perf/collection time": 0.8352756500244141, "Perf/learning_time": 0.6139593124389648, "Std/mean_std": 0.46721696853637695, "Std/std_dim_0": 0.4187501072883606, "Std/std_dim_1": 0.5456386804580688, "Std/std_dim_2": 0.42374181747436523, "Std/std_dim_3": 0.42412421107292175, "Std/std_dim_4": 0.5707659125328064, "Std/std_dim_5": 0.4205222427845001, "Std/std_dim_6": 0.4215618371963501, "Std/std_dim_7": 0.5632786750793457, "Std/std_dim_8": 0.4154924750328064, "Std/std_dim_9": 0.4283125102519989, "Std/std_dim_10": 0.5565621852874756, "Std/std_dim_11": 0.4178531765937805, "Train/mean_reward": 29.617660245895387, "Train/mean_episode_length": 954.74, "_timestamp": 1721890870.724231, "_runtime": 8885.317610025406, "_step": 5999, "_wandb": {"runtime": 8879}}