{"Episode/rew_action_rate": -0.009411171078681946, "Episode/rew_action_smoothness": -0.02742171287536621, "Episode/rew_ang_vel_xy": -0.006134131923317909, "Episode/rew_base_height": -4.222216011839919e-05, "Episode/rew_dof_acc": -0.0019824495539069176, "Episode/rew_foot_clearance": -0.001705298200249672, "Episode/rew_foot_slip": -0.002816804451867938, "Episode/rew_lin_vel_z": -0.001244768500328064, "Episode/rew_low_speed": -0.007130633108317852, "Episode/rew_orientation_eular": 0.0019307797774672508, "Episode/rew_powers": -1.2735543350572698e-05, "Episode/rew_track_vel_hard": -0.0040458692237734795, "Episode/rew_tracking_ang_vel": 0.0031695147044956684, "Episode/rew_tracking_lin_vel": 0.029258131980895996, "Episode/rew_vel_mismatch_exp": 0.009238574653863907, "Episode/cost_acc_smoothness": 0.04145236313343048, "Episode/cost_base_height": 2.8148104320280254e-05, "Episode/cost_collision": 0.0003428632044233382, "Episode/cost_dof_vel_limits": 0.0, "Episode/cost_feet_air_time": 0.0030721398070454597, "Episode/cost_hip_pos": 0.002702716737985611, "Episode/cost_pos_limit": 0.005266662687063217, "Episode/cost_stand_still": 0.008094903081655502, "Episode/cost_torque_limit": 0.0, "Loss/value_function": 0.0006476722919614986, "Loss/surrogate": -0.02102552003052551, "Loss/learning_rate": 1.5000000000000005e-05, "Perf/total_fps": 5244, "Perf/collection time": 1.9817416667938232, "Perf/learning_time": 0.3611724376678467, "Std/mean_std": 0.9822046756744385, "Std/std_dim_0": 0.9914271831512451, "Std/std_dim_1": 0.9754079580307007, "Std/std_dim_2": 0.982037365436554, "Std/std_dim_3": 0.9870344996452332, "Std/std_dim_4": 0.9772334694862366, "Std/std_dim_5": 0.9837599992752075, "Std/std_dim_6": 0.9799864292144775, "Std/std_dim_7": 0.9887164235115051, "Std/std_dim_8": 0.9797987937927246, "Std/std_dim_9": 0.981788158416748, "Std/std_dim_10": 0.9735487699508667, "Std/std_dim_11": 0.9857176542282104, "Train/mean_reward": 0.0679337919736281, "Train/mean_episode_length": 41.27, "_timestamp": 1721732526, "_runtime": 14, "_step": 3}