{"Episode/rew_action_rate": -0.006164259277284145, "Episode/rew_action_smoothness": -0.014656990766525269, "Episode/rew_ang_vel_xy": -0.0076375133357942104, "Episode/rew_base_height": -8.136848919093609e-05, "Episode/rew_default_joint_pos": -0.0006198303308337927, "Episode/rew_dof_acc": -0.0026572614442557096, "Episode/rew_feet_clearance_inter": 0.0002474909124430269, "Episode/rew_foot_clearance": -0.0002823685936164111, "Episode/rew_foot_slip": -0.006306971423327923, "Episode/rew_lin_vel_z": -0.0014714989811182022, "Episode/rew_low_speed": -0.0007549130823463202, "Episode/rew_orientation_eular": 0.0029744599014520645, "Episode/rew_powers": -3.018551433342509e-05, "Episode/rew_track_vel_hard": -0.0021478000562638044, "Episode/rew_tracking_ang_vel": 0.010894693434238434, "Episode/rew_tracking_lin_vel": 0.05344434827566147, "Episode/rew_vel_mismatch_exp": 0.020630434155464172, "Episode/cost_acc_smoothness": 0.11327838897705078, "Episode/cost_base_height": 6.259114888962358e-05, "Episode/cost_collision": 0.0009263126412406564, "Episode/cost_dof_vel_limits": 0.0012893591774627566, "Episode/cost_feet_air_time": 0.0013842195039615035, "Episode/cost_hip_pos": 0.0027813855558633804, "Episode/cost_pos_limit": 0.0013822256587445736, "Episode/cost_stand_still": 0.033644359558820724, "Episode/cost_torque_limit": 0.0, "Loss/value_function": 0.015783585049211978, "Loss/surrogate": 0.006660040107090026, "Loss/learning_rate": 0.0005766503906250003, "Perf/total_fps": 18032, "Perf/collection time": 0.6838834285736084, "Perf/learning_time": 0.6789579391479492, "Std/mean_std": 0.5401831269264221, "Std/std_dim_0": 0.5520958304405212, "Std/std_dim_1": 0.5887699723243713, "Std/std_dim_2": 0.45356905460357666, "Std/std_dim_3": 0.5413986444473267, "Std/std_dim_4": 0.609786868095398, "Std/std_dim_5": 0.49019551277160645, "Std/std_dim_6": 0.5739320516586304, "Std/std_dim_7": 0.5868765711784363, "Std/std_dim_8": 0.4809509813785553, "Std/std_dim_9": 0.5458967089653015, "Std/std_dim_10": 0.6068106889724731, "Std/std_dim_11": 0.451914519071579, "Train/mean_reward": 0.975404691612348, "Train/mean_episode_length": 76.2, "_timestamp": 1721461602, "_runtime": 957, "_step": 683, "_wandb": {"runtime": 953}}