{"Episode/rew_action_rate": -0.016986694186925888, "Episode/rew_action_smoothness": -0.04976315423846245, "Episode/rew_ang_vel_xy": -0.009752335026860237, "Episode/rew_base_height": -2.4803921405691653e-05, "Episode/rew_default_joint_pos": -0.0003629091661423445, "Episode/rew_dof_acc": -0.0029220241121947765, "Episode/rew_foot_clearance": -4.1421062633162364e-05, "Episode/rew_foot_slip": -0.005389017518609762, "Episode/rew_lin_vel_z": -0.0025201765820384026, "Episode/rew_low_speed": -0.017267076298594475, "Episode/rew_orientation_eular": 0.004443093668669462, "Episode/rew_powers": -2.520490306778811e-05, "Episode/rew_track_vel_hard": -0.00840034894645214, "Episode/rew_tracking_ang_vel": 0.012971731834113598, "Episode/rew_tracking_lin_vel": 0.06505681574344635, "Episode/rew_vel_mismatch_exp": 0.01754813641309738, "Episode/cost_acc_smoothness": 0.05472207069396973, "Episode/cost_base_height": 1.6535948816454038e-05, "Episode/cost_collision": 0.00038191076600924134, "Episode/cost_dof_vel_limits": 7.260101483552717e-06, "Episode/cost_feet_air_time": 0.00645675603300333, "Episode/cost_hip_pos": 0.0025894129648804665, "Episode/cost_pos_limit": 0.008483569137752056, "Episode/cost_stand_still": 0.006832135375589132, "Episode/cost_torque_limit": 0.0, "Loss/value_function": 0.00126819500583224, "Loss/surrogate": -0.016847127699293196, "Loss/learning_rate": 1e-05, "Perf/total_fps": 19535, "Perf/collection time": 0.6155791282653809, "Perf/learning_time": 0.6424269676208496, "Std/mean_std": 0.9526214599609375, "Std/std_dim_0": 0.953272819519043, "Std/std_dim_1": 0.966336190700531, "Std/std_dim_2": 0.9488131403923035, "Std/std_dim_3": 0.9463358521461487, "Std/std_dim_4": 0.9563755989074707, "Std/std_dim_5": 0.9471542835235596, "Std/std_dim_6": 0.9525411128997803, "Std/std_dim_7": 0.9583492279052734, "Std/std_dim_8": 0.9526976943016052, "Std/std_dim_9": 0.9397519826889038, "Std/std_dim_10": 0.9483577013015747, "Std/std_dim_11": 0.9614718556404114, "Train/mean_reward": 0.24204232465475797, "Train/mean_episode_length": 90.44, "_timestamp": 1721955840.0328226, "_runtime": 19.757622718811035, "_step": 7, "_wandb": {"runtime": 17}}