{"Episode/rew_action_rate": -0.018162494525313377, "Episode/rew_action_smoothness": -0.04423828050494194, "Episode/rew_ang_vel_xy": -0.014533164910972118, "Episode/rew_base_height": -0.0011513086501508951, "Episode/rew_default_joint_pos": -7.539320358773693e-05, "Episode/rew_dof_acc": -0.004194175824522972, "Episode/rew_feet_clearance_inter": 0.012432284653186798, "Episode/rew_foot_clearance": -0.004202238284051418, "Episode/rew_foot_slip": -0.01317734643816948, "Episode/rew_lin_vel_z": -0.0033614542335271835, "Episode/rew_low_speed": -0.08575897663831711, "Episode/rew_orientation_eular": 0.022093921899795532, "Episode/rew_powers": -7.83435971243307e-05, "Episode/rew_track_vel_hard": -0.00997239537537098, "Episode/rew_tracking_ang_vel": 0.09808093309402466, "Episode/rew_tracking_lin_vel": 0.46827444434165955, "Episode/rew_vel_mismatch_exp": 0.1503053605556488, "Episode/cost_acc_smoothness": 0.032569460570812225, "Episode/cost_base_height": 0.000767539138905704, "Episode/cost_collision": 0.26210272312164307, "Episode/cost_dof_vel_limits": 0.0, "Episode/cost_feet_air_time": 0.012096046470105648, "Episode/cost_hip_pos": 0.20172950625419617, "Episode/cost_pos_limit": 0.32339128851890564, "Episode/cost_stand_still": 0.319614052772522, "Episode/cost_torque_limit": 0.0, "Loss/value_function": 0.0055352252209559085, "Loss/surrogate": -0.0113856517651584, "Loss/learning_rate": 0.00017085937500000009, "Perf/total_fps": 19099, "Perf/collection time": 0.7596735954284668, "Perf/learning_time": 0.7532453536987305, "Std/mean_std": 0.3734382092952728, "Std/std_dim_0": 0.3673911988735199, "Std/std_dim_1": 0.38685330748558044, "Std/std_dim_2": 0.37478870153427124, "Std/std_dim_3": 0.35130178928375244, "Std/std_dim_4": 0.3897480368614197, "Std/std_dim_5": 0.3515395224094391, "Std/std_dim_6": 0.370648056268692, "Std/std_dim_7": 0.3995322287082672, "Std/std_dim_8": 0.3634518086910248, "Std/std_dim_9": 0.3493328094482422, "Std/std_dim_10": 0.39575883746147156, "Std/std_dim_11": 0.38091176748275757, "Train/mean_reward": 10.491473635882139, "Train/mean_episode_length": 528.59, "_timestamp": 1721650990, "_runtime": 313, "_step": 200}