{"Episode/rew_action_rate": -0.03538256883621216, "Episode/rew_action_smoothness": -0.07693900913000107, "Episode/rew_ang_vel_xy": -0.024916615337133408, "Episode/rew_base_height": -0.00011375703616067767, "Episode/rew_default_joint_pos": -0.001735623343847692, "Episode/rew_dof_acc": -0.01162378303706646, "Episode/rew_foot_clearance": -0.00012728343426715583, "Episode/rew_foot_slip": -0.02406550571322441, "Episode/rew_lin_vel_z": -0.008787080645561218, "Episode/rew_low_speed": -0.022694118320941925, "Episode/rew_orientation_eular": 0.030672341585159302, "Episode/rew_powers": -0.00012271702871657908, "Episode/rew_track_vel_hard": -0.0036681301426142454, "Episode/rew_tracking_ang_vel": 0.13134194910526276, "Episode/rew_tracking_lin_vel": 0.32459983229637146, "Episode/rew_vel_mismatch_exp": 0.0886593908071518, "Episode/cost_acc_smoothness": 0.24060992896556854, "Episode/cost_base_height": 7.583803380839527e-05, "Episode/cost_collision": 0.0007743056630715728, "Episode/cost_dof_vel_limits": 0.0002625000197440386, "Episode/cost_feet_air_time": 0.02345914952456951, "Episode/cost_hip_pos": 0.012021597474813461, "Episode/cost_pos_limit": 0.029795818030834198, "Episode/cost_stand_still": 0.05694682523608208, "Episode/cost_torque_limit": 0.0, "Episode/terrain_level": 0.0068359375, "Loss/value_function": 0.02984589682891965, "Loss/surrogate": -0.010359920423070434, "Loss/learning_rate": 0.0002562890625000001, "Perf/total_fps": 13238, "Perf/collection time": 1.2254514694213867, "Perf/learning_time": 0.6309993267059326, "Std/mean_std": 0.619491696357727, "Std/std_dim_0": 0.5469702482223511, "Std/std_dim_1": 0.6872885823249817, "Std/std_dim_2": 0.5939784049987793, "Std/std_dim_3": 0.5638776421546936, "Std/std_dim_4": 0.7098478078842163, "Std/std_dim_5": 0.5825852155685425, "Std/std_dim_6": 0.527645468711853, "Std/std_dim_7": 0.7277312278747559, "Std/std_dim_8": 0.6157428622245789, "Std/std_dim_9": 0.56261146068573, "Std/std_dim_10": 0.7128351330757141, "Std/std_dim_11": 0.6027865409851074, "Train/mean_reward": 7.745624044630676, "Train/mean_episode_length": 384.92, "_timestamp": 1722045092.092029, "_runtime": 768.8975601196289, "_step": 485, "_wandb": {"runtime": 768}}