{"Episode/rew_action_rate": -0.02424396574497223, "Episode/rew_action_smoothness": -0.05953042954206467, "Episode/rew_ang_vel_xy": -0.01714441180229187, "Episode/rew_base_height": -2.420617784082424e-05, "Episode/rew_default_joint_pos": -0.005463332869112492, "Episode/rew_dof_acc": -0.003869767766445875, "Episode/rew_foot_clearance": -6.988318637013435e-05, "Episode/rew_foot_slip": -0.033009450882673264, "Episode/rew_lin_vel_z": -0.004658804275095463, "Episode/rew_low_speed": -0.11731689423322678, "Episode/rew_orientation_eular": 0.05836271494626999, "Episode/rew_powers": -8.648822404211387e-05, "Episode/rew_track_vel_hard": -0.025301307439804077, "Episode/rew_tracking_ang_vel": 0.1737036406993866, "Episode/rew_tracking_lin_vel": 0.46721944212913513, "Episode/rew_vel_mismatch_exp": 0.14904239773750305, "Episode/cost_acc_smoothness": 0.014165377244353294, "Episode/cost_base_height": 1.6137455531861633e-05, "Episode/cost_collision": 0.0004284722381271422, "Episode/cost_dof_vel_limits": 2.083333492919337e-05, "Episode/cost_feet_air_time": 0.004538951441645622, "Episode/cost_hip_pos": 0.006527317222207785, "Episode/cost_pos_limit": 0.0030784709379076958, "Episode/cost_stand_still": 0.0778767541050911, "Episode/cost_torque_limit": 0.0, "Episode/terrain_level": 0.0, "Loss/value_function": 0.011502257268875837, "Loss/surrogate": -0.0008483877347316593, "Loss/learning_rate": 0.0005766503906250003, "Perf/total_fps": 15555, "Perf/collection time": 0.9430420398712158, "Perf/learning_time": 0.6368496417999268, "Std/mean_std": 0.40414392948150635, "Std/std_dim_0": 0.474195659160614, "Std/std_dim_1": 0.39874979853630066, "Std/std_dim_2": 0.304594486951828, "Std/std_dim_3": 0.44304949045181274, "Std/std_dim_4": 0.47287440299987793, "Std/std_dim_5": 0.3460139036178589, "Std/std_dim_6": 0.4022497832775116, "Std/std_dim_7": 0.4223950207233429, "Std/std_dim_8": 0.3296227753162384, "Std/std_dim_9": 0.44286268949508667, "Std/std_dim_10": 0.4818478524684906, "Std/std_dim_11": 0.33127132058143616, "Train/mean_reward": 11.0159736435191, "Train/mean_episode_length": 544.61, "_timestamp": 1722014309.328655, "_runtime": 9453.011867046356, "_step": 5999, "_wandb": {"runtime": 9450}}