{"Episode/rew_action_rate": -0.025876760482788086, "Episode/rew_action_smoothness": -0.03508497774600983, "Episode/rew_ang_vel_xy": -0.019569305703043938, "Episode/rew_base_height": -0.0007804081542417407, "Episode/rew_dof_acc": -0.014261649921536446, "Episode/rew_foot_clearance": -0.01660599187016487, "Episode/rew_foot_slip": -0.036965787410736084, "Episode/rew_lin_vel_z": -0.005054175853729248, "Episode/rew_low_speed": 0.07639762759208679, "Episode/rew_orientation_eular": 0.07419392466545105, "Episode/rew_powers": -0.0001405073271598667, "Episode/rew_track_vel_hard": 0.06874296069145203, "Episode/rew_tracking_ang_vel": 0.24878202378749847, "Episode/rew_tracking_lin_vel": 0.6354813575744629, "Episode/rew_vel_mismatch_exp": 0.18566247820854187, "Episode/cost_acc_smoothness": 0.15835778415203094, "Episode/cost_base_height": 0.0005202721804380417, "Episode/cost_collision": 0.0006458333809860051, "Episode/cost_dof_vel_limits": 0.0, "Episode/cost_feet_air_time": 0.03943044692277908, "Episode/cost_hip_pos": 0.026308070868253708, "Episode/cost_pos_limit": 0.008937498554587364, "Episode/cost_stand_still": 0.15091416239738464, "Episode/cost_torque_limit": 0.0, "Loss/value_function": 0.013748163031414152, "Loss/surrogate": -0.005915517903486034, "Loss/learning_rate": 1.5000000000000005e-05, "Perf/total_fps": 13629, "Perf/collection time": 0.5380160808563232, "Perf/learning_time": 0.36353611946105957, "Std/mean_std": 0.2506466507911682, "Std/std_dim_0": 0.2135852724313736, "Std/std_dim_1": 0.2954174280166626, "Std/std_dim_2": 0.24612389504909515, "Std/std_dim_3": 0.22470390796661377, "Std/std_dim_4": 0.28217825293540955, "Std/std_dim_5": 0.2518672049045563, "Std/std_dim_6": 0.21432147920131683, "Std/std_dim_7": 0.2750268876552582, "Std/std_dim_8": 0.2575026750564575, "Std/std_dim_9": 0.20446321368217468, "Std/std_dim_10": 0.2918245196342468, "Std/std_dim_11": 0.2507447898387909, "Train/mean_reward": 25.615516825914384, "Train/mean_episode_length": 750.79, "_timestamp": 1721731889, "_runtime": 931, "_step": 1038}