{"Episode/rew_action_rate": -0.054109688848257065, "Episode/rew_action_smoothness": -0.1346534639596939, "Episode/rew_ang_vel_xy": -0.022534703835844994, "Episode/rew_base_height": -0.0016281352145597339, "Episode/rew_dof_acc": -0.0007736461120657623, "Episode/rew_foot_clearance": -0.001324295997619629, "Episode/rew_foot_slip": -0.03209187090396881, "Episode/rew_lin_vel_z": -0.004345688037574291, "Episode/rew_low_speed": -0.10703717917203903, "Episode/rew_orientation_eular": 0.051464617252349854, "Episode/rew_powers": -1.2059185792168137e-05, "Episode/rew_track_vel_hard": -0.04304122179746628, "Episode/rew_tracking_ang_vel": 0.0750790536403656, "Episode/rew_tracking_lin_vel": 0.5090909600257874, "Episode/rew_vel_mismatch_exp": 0.15343545377254486, "Episode/cost_acc_smoothness": 0.040592391043901443, "Episode/cost_base_height": 0.001085422933101654, "Episode/cost_collision": 0.4606303870677948, "Episode/cost_dof_vel_limits": 0.0, "Episode/cost_feet_air_time": 0.026898374781012535, "Episode/cost_hip_pos": 0.04845895990729332, "Episode/cost_pos_limit": 0.009458332322537899, "Episode/cost_stand_still": 0.29885467886924744, "Episode/cost_torque_limit": 0.0, "Loss/value_function": 0.015306843724101783, "Loss/surrogate": -0.009611278312513604, "Loss/learning_rate": 0.00011390625000000006, "Perf/total_fps": 6224, "Perf/collection time": 1.6277551651000977, "Perf/learning_time": 0.346494197845459, "Std/mean_std": 0.7228376269340515, "Std/std_dim_0": 0.687314510345459, "Std/std_dim_1": 0.7716866731643677, "Std/std_dim_2": 0.7187278866767883, "Std/std_dim_3": 0.6676637530326843, "Std/std_dim_4": 0.8093198537826538, "Std/std_dim_5": 0.6641917824745178, "Std/std_dim_6": 0.6888879537582397, "Std/std_dim_7": 0.7595638036727905, "Std/std_dim_8": 0.6989110112190247, "Std/std_dim_9": 0.6620311141014099, "Std/std_dim_10": 0.809442937374115, "Std/std_dim_11": 0.7363097071647644, "Train/mean_reward": 10.900124539160169, "Train/mean_episode_length": 780.18, "_timestamp": 1721739376, "_runtime": 357, "_step": 361}