{"Episode/rew_action_rate": -0.007835930213332176, "Episode/rew_action_smoothness": -0.023074042052030563, "Episode/rew_ang_vel_xy": -0.005082102492451668, "Episode/rew_base_height": -1.646533746679779e-05, "Episode/rew_default_joint_pos": -0.00018805297440849245, "Episode/rew_dof_acc": -0.001921503571793437, "Episode/rew_foot_clearance": -3.373929939698428e-05, "Episode/rew_foot_slip": -0.0024434751830995083, "Episode/rew_lin_vel_z": -0.001902551157400012, "Episode/rew_low_speed": -0.007700014393776655, "Episode/rew_orientation_eular": 0.0016292919171974063, "Episode/rew_powers": -1.3265762390801683e-05, "Episode/rew_track_vel_hard": -0.004165605641901493, "Episode/rew_tracking_ang_vel": 0.005539487581700087, "Episode/rew_tracking_lin_vel": 0.02847488597035408, "Episode/rew_vel_mismatch_exp": 0.007322014309465885, "Episode/cost_acc_smoothness": 0.051640164107084274, "Episode/cost_base_height": 1.097689073503716e-05, "Episode/cost_collision": 0.0003595207235775888, "Episode/cost_dof_vel_limits": 5.9829062593053095e-06, "Episode/cost_feet_air_time": 0.0031815646216273308, "Episode/cost_hip_pos": 0.0012774489587172866, "Episode/cost_pos_limit": 0.007668214850127697, "Episode/cost_stand_still": 0.0027453461661934853, "Episode/cost_torque_limit": 0.0, "Loss/value_function": 0.0023959518264746295, "Loss/surrogate": -0.009368818797520361, "Loss/learning_rate": 0.0005766503906250003, "Perf/total_fps": 13009, "Perf/collection time": 1.2583889961242676, "Perf/learning_time": 0.630681037902832, "Std/mean_std": 0.9949154853820801, "Std/std_dim_0": 0.9971718192100525, "Std/std_dim_1": 0.9999333620071411, "Std/std_dim_2": 0.9999523162841797, "Std/std_dim_3": 0.9902985692024231, "Std/std_dim_4": 0.9995018839836121, "Std/std_dim_5": 0.9891262054443359, "Std/std_dim_6": 0.9925425052642822, "Std/std_dim_7": 0.997934103012085, "Std/std_dim_8": 0.9909616708755493, "Std/std_dim_9": 0.9909453392028809, "Std/std_dim_10": 0.9969099760055542, "Std/std_dim_11": 0.993708610534668, "Train/mean_reward": 0.07610898182727396, "Train/mean_episode_length": 38.99, "_timestamp": 1722004826.891428, "_runtime": 10.619625091552734, "_step": 1, "_wandb": {"runtime": 8}}