{"Episode/rew_action_rate": -0.04664897918701172, "Episode/rew_action_smoothness": -0.11336716264486313, "Episode/rew_ang_vel_xy": -0.038898661732673645, "Episode/rew_base_height": -9.432021761313081e-05, "Episode/rew_default_joint_pos": -0.0031810214277356863, "Episode/rew_dof_acc": -0.029225056990981102, "Episode/rew_foot_clearance": -0.0007974384352564812, "Episode/rew_foot_slip": -0.07532750815153122, "Episode/rew_lin_vel_z": -0.0070299990475177765, "Episode/rew_low_speed": -0.18742327392101288, "Episode/rew_orientation_eular": 0.09777801483869553, "Episode/rew_powers": -0.00033609208185225725, "Episode/rew_track_vel_hard": -0.03240503370761871, "Episode/rew_tracking_ang_vel": 0.29028570652008057, "Episode/rew_tracking_lin_vel": 0.737795352935791, "Episode/rew_vel_mismatch_exp": 0.22717905044555664, "Episode/cost_acc_smoothness": 2.144608497619629, "Episode/cost_base_height": 6.288016447797418e-05, "Episode/cost_collision": 0.00019791668455582112, "Episode/cost_dof_vel_limits": 0.027697911486029625, "Episode/cost_feet_air_time": 0.032556597143411636, "Episode/cost_hip_pos": 0.06202895939350128, "Episode/cost_pos_limit": 0.06756246089935303, "Episode/cost_stand_still": 0.09040345996618271, "Episode/cost_torque_limit": 0.0, "Loss/value_function": 0.008563054678961634, "Loss/surrogate": -0.00195770530262962, "Loss/learning_rate": 0.00038443359375000017, "Perf/total_fps": 16246, "Perf/collection time": 0.8661618232727051, "Perf/learning_time": 0.6465108394622803, "Std/mean_std": 0.4725680351257324, "Std/std_dim_0": 0.43436744809150696, "Std/std_dim_1": 0.5795340538024902, "Std/std_dim_2": 0.4212585985660553, "Std/std_dim_3": 0.43663880228996277, "Std/std_dim_4": 0.5664327144622803, "Std/std_dim_5": 0.4078449606895447, "Std/std_dim_6": 0.449581116437912, "Std/std_dim_7": 0.5563054084777832, "Std/std_dim_8": 0.4133760929107666, "Std/std_dim_9": 0.42536064982414246, "Std/std_dim_10": 0.5451798439025879, "Std/std_dim_11": 0.43493664264678955, "Train/mean_reward": 16.07361048427876, "Train/mean_episode_length": 830.23, "_timestamp": 1722077230.6103902, "_runtime": 773.6259441375732, "_step": 553, "_wandb": {"runtime": 773}}