{"Episode/rew_action_rate": -0.01593181863427162, "Episode/rew_action_smoothness": -0.01790967583656311, "Episode/rew_ang_vel_xy": -0.013151074759662151, "Episode/rew_base_height": -0.0003644807729870081, "Episode/rew_default_joint_pos": -0.002172570675611496, "Episode/rew_dof_acc": -0.00955507904291153, "Episode/rew_foot_clearance": -0.016136445105075836, "Episode/rew_foot_slip": -0.05558956414461136, "Episode/rew_lin_vel_z": -0.007156933657824993, "Episode/rew_low_speed": 0.10164888948202133, "Episode/rew_orientation_eular": 0.09316947311162949, "Episode/rew_powers": -0.00016714241064619273, "Episode/rew_track_vel_hard": 0.1231277734041214, "Episode/rew_tracking_ang_vel": 0.38762837648391724, "Episode/rew_tracking_lin_vel": 0.9176665544509888, "Episode/rew_vel_mismatch_exp": 0.28056007623672485, "Episode/cost_acc_smoothness": 0.02322850376367569, "Episode/cost_base_height": 0.00024298722564708441, "Episode/cost_collision": 0.00022222222469281405, "Episode/cost_dof_vel_limits": 0.0, "Episode/cost_feet_air_time": 0.032770007848739624, "Episode/cost_hip_pos": 0.022668451070785522, "Episode/cost_pos_limit": 0.0017777777975425124, "Episode/cost_stand_still": 0.4938320517539978, "Episode/cost_torque_limit": 0.0, "Loss/value_function": 0.021683294232934712, "Loss/surrogate": -0.0023363786516711117, "Loss/learning_rate": 5.0625000000000024e-05, "Perf/total_fps": 14591, "Perf/collection time": 0.5145390033721924, "Perf/learning_time": 0.3275794982910156, "Std/mean_std": 0.14090928435325623, "Std/std_dim_0": 0.11610457301139832, "Std/std_dim_1": 0.16263653337955475, "Std/std_dim_2": 0.1286163032054901, "Std/std_dim_3": 0.13443337380886078, "Std/std_dim_4": 0.1723250448703766, "Std/std_dim_5": 0.13878759741783142, "Std/std_dim_6": 0.13674433529376984, "Std/std_dim_7": 0.1737268567085266, "Std/std_dim_8": 0.13494794070720673, "Std/std_dim_9": 0.12086349725723267, "Std/std_dim_10": 0.13124579191207886, "Std/std_dim_11": 0.14047949016094208, "Train/mean_reward": 30.394350113347173, "Train/mean_episode_length": 822.29, "_timestamp": 1721724670, "_runtime": 5778, "_step": 5999, "_wandb": {"runtime": 5774}}