{"Episode/rew_action_rate": -0.024495048448443413, "Episode/rew_action_smoothness": -0.03836068511009216, "Episode/rew_ang_vel_xy": -0.01756349951028824, "Episode/rew_base_height": -0.0013007234083488584, "Episode/rew_dof_acc": -0.012771002016961575, "Episode/rew_feet_clearance_inter": 0.0006111111724749207, "Episode/rew_foot_clearance": -0.01589604839682579, "Episode/rew_foot_slip": -0.021426096558570862, "Episode/rew_joint_ref_pos": -0.0007915549795143306, "Episode/rew_lin_vel_z": -0.006238318979740143, "Episode/rew_low_speed": 0.07420556247234344, "Episode/rew_orientation_eular": 0.08299276232719421, "Episode/rew_powers": -0.00018201149941887707, "Episode/rew_track_vel_hard": 0.046632349491119385, "Episode/rew_tracking_ang_vel": 0.2572537064552307, "Episode/rew_tracking_lin_vel": 0.6666167378425598, "Episode/rew_vel_mismatch_exp": 0.2031564712524414, "Episode/cost_acc_smoothness": 0.13839274644851685, "Episode/cost_base_height": 0.0008671490359120071, "Episode/cost_collision": 0.020012520253658295, "Episode/cost_dof_vel_limits": 0.0, "Episode/cost_feet_air_time": 0.03144794702529907, "Episode/cost_hip_pos": 0.04297955334186554, "Episode/cost_pos_limit": 0.02636529505252838, "Episode/cost_stand_still": 0.11250272393226624, "Episode/cost_torque_limit": 0.0, "Loss/value_function": 0.00976408077403903, "Loss/surrogate": -0.012304464397311676, "Loss/learning_rate": 5.062500000000002e-05, "Perf/total_fps": 13275, "Perf/collection time": 0.5838525295257568, "Perf/learning_time": 0.3417677879333496, "Std/mean_std": 0.2625262439250946, "Std/std_dim_0": 0.23522509634494781, "Std/std_dim_1": 0.30709999799728394, "Std/std_dim_2": 0.26313328742980957, "Std/std_dim_3": 0.20677518844604492, "Std/std_dim_4": 0.2987809181213379, "Std/std_dim_5": 0.24720098078250885, "Std/std_dim_6": 0.23601679503917694, "Std/std_dim_7": 0.28617385029792786, "Std/std_dim_8": 0.255140095949173, "Std/std_dim_9": 0.23839858174324036, "Std/std_dim_10": 0.3186093866825104, "Std/std_dim_11": 0.2577606737613678, "Train/mean_reward": 23.285773286558687, "Train/mean_episode_length": 713.01, "_timestamp": 1721653637, "_runtime": 875, "_step": 918}