{"Episode/rew_action_rate": -0.03429066389799118, "Episode/rew_action_smoothness": -0.08035728335380554, "Episode/rew_ang_vel_xy": -0.02549099735915661, "Episode/rew_base_height": -0.00013739190762862563, "Episode/rew_default_joint_pos": -0.0021484156604856253, "Episode/rew_dof_acc": -0.009766355156898499, "Episode/rew_foot_clearance": -0.0004026333335787058, "Episode/rew_foot_slip": -0.026958372443914413, "Episode/rew_lin_vel_z": -0.008283421397209167, "Episode/rew_low_speed": -0.040222883224487305, "Episode/rew_orientation_eular": 0.01341785304248333, "Episode/rew_powers": -0.00014211090456228703, "Episode/rew_track_vel_hard": -0.01433110237121582, "Episode/rew_tracking_ang_vel": 0.14360462129116058, "Episode/rew_tracking_lin_vel": 0.37323126196861267, "Episode/rew_vel_mismatch_exp": 0.10583259165287018, "Episode/cost_acc_smoothness": 0.09705555438995361, "Episode/cost_base_height": 9.159461478702724e-05, "Episode/cost_collision": 0.0005763889057561755, "Episode/cost_dof_vel_limits": 1.0416667464596685e-05, "Episode/cost_feet_air_time": 0.019800452515482903, "Episode/cost_hip_pos": 0.012033077888190746, "Episode/cost_pos_limit": 0.0050104157999157906, "Episode/cost_stand_still": 0.017613358795642853, "Episode/cost_torque_limit": 0.0, "Episode/terrain_level": 0.0, "Loss/value_function": 0.02027290780097246, "Loss/surrogate": -0.004021359869511798, "Loss/learning_rate": 0.00038443359375000017, "Perf/total_fps": 12944, "Perf/collection time": 1.2782270908355713, "Perf/learning_time": 0.6204111576080322, "Std/mean_std": 0.5847498178482056, "Std/std_dim_0": 0.5414789915084839, "Std/std_dim_1": 0.6752660870552063, "Std/std_dim_2": 0.5097267627716064, "Std/std_dim_3": 0.5653821229934692, "Std/std_dim_4": 0.7052385807037354, "Std/std_dim_5": 0.5053223371505737, "Std/std_dim_6": 0.563497006893158, "Std/std_dim_7": 0.6501615047454834, "Std/std_dim_8": 0.5093337893486023, "Std/std_dim_9": 0.5686130523681641, "Std/std_dim_10": 0.707420825958252, "Std/std_dim_11": 0.5155568718910217, "Train/mean_reward": 7.78877112902468, "Train/mean_episode_length": 412.41, "_timestamp": 1722047725.3293366, "_runtime": 1369.9460566043854, "_step": 892, "_wandb": {"runtime": 1368}}