{"Episode/rew_action_rate": -0.008322220295667648, "Episode/rew_action_smoothness": -0.024308908730745316, "Episode/rew_ang_vel_xy": -2.8040835543390864e+21, "Episode/rew_base_height": -96.80912780761719, "Episode/rew_default_joint_pos": -0.00011720323527697474, "Episode/rew_dof_acc": -2.3323016570244956e+19, "Episode/rew_feet_clearance_inter": 2.378526914981194e-06, "Episode/rew_foot_clearance": -51408.828125, "Episode/rew_foot_slip": -0.002909437520429492, "Episode/rew_lin_vel_z": -5.058153778721587e+16, "Episode/rew_low_speed": -0.005644054617732763, "Episode/rew_orientation_eular": 0.0008078456157818437, "Episode/rew_powers": -141786.953125, "Episode/rew_track_vel_hard": -469667.34375, "Episode/rew_tracking_ang_vel": 0.0038514286279678345, "Episode/rew_tracking_lin_vel": 0.010738163255155087, "Episode/rew_vel_mismatch_exp": 0.007646632380783558, "Episode/cost_acc_smoothness": 2461579008.0, "Episode/cost_base_height": 74.46856689453125, "Episode/cost_collision": 0.002303431974723935, "Episode/cost_dof_vel_limits": 0.0020109263714402914, "Episode/cost_feet_air_time": 0.0015703367535024881, "Episode/cost_hip_pos": 0.0029881808441132307, "Episode/cost_pos_limit": 0.007122240494936705, "Episode/cost_stand_still": 0.009601694531738758, "Episode/cost_torque_limit": 0.0, "Loss/value_function": 311.976171875, "Loss/surrogate": -1.4013494364917278e-08, "Loss/learning_rate": 0.01, "Perf/total_fps": 17939, "Perf/collection time": 0.7199640274047852, "Perf/learning_time": 0.6499483585357666, "Std/mean_std": 1.0018781423568726, "Std/std_dim_0": 0.9961889386177063, "Std/std_dim_1": 1.013540267944336, "Std/std_dim_2": 1.0040087699890137, "Std/std_dim_3": 1.0029855966567993, "Std/std_dim_4": 1.0013267993927002, "Std/std_dim_5": 0.99413001537323, "Std/std_dim_6": 1.0030393600463867, "Std/std_dim_7": 1.0088436603546143, "Std/std_dim_8": 0.9998528361320496, "Std/std_dim_9": 1.0085604190826416, "Std/std_dim_10": 0.994240403175354, "Std/std_dim_11": 0.9958208203315735, "Train/mean_reward": 0.024752700754906983, "Train/mean_episode_length": 36.08, "_timestamp": 1721459490, "_runtime": 58, "_step": 32, "_wandb": {"runtime": 54}}