{"Episode/rew_action_rate": -0.05515449494123459, "Episode/rew_action_smoothness": -0.12385525554418564, "Episode/rew_ang_vel_xy": -0.03864095360040665, "Episode/rew_base_height": -0.00013669118925463408, "Episode/rew_default_joint_pos": -0.0027903772424906492, "Episode/rew_dof_acc": -0.01678413897752762, "Episode/rew_foot_clearance": -0.0005490628536790609, "Episode/rew_foot_slip": -0.038194283843040466, "Episode/rew_lin_vel_z": -0.012108603492379189, "Episode/rew_low_speed": -0.01954963058233261, "Episode/rew_orientation_eular": 0.04835151135921478, "Episode/rew_powers": -0.0001998357765842229, "Episode/rew_track_vel_hard": -0.0054579260759055614, "Episode/rew_tracking_ang_vel": 0.2005336582660675, "Episode/rew_tracking_lin_vel": 0.5294785499572754, "Episode/rew_vel_mismatch_exp": 0.1433427631855011, "Episode/cost_acc_smoothness": 0.21201327443122864, "Episode/cost_base_height": 9.112746192840859e-05, "Episode/cost_collision": 0.000681250006891787, "Episode/cost_dof_vel_limits": 6.944444612599909e-05, "Episode/cost_feet_air_time": 0.034439943730831146, "Episode/cost_hip_pos": 0.021240582689642906, "Episode/cost_pos_limit": 0.012700691819190979, "Episode/cost_stand_still": 0.11282980442047119, "Episode/cost_torque_limit": 0.0, "Episode/terrain_level": 0.0048828125, "Loss/value_function": 0.020369494892656805, "Loss/surrogate": -0.006322102237027139, "Loss/learning_rate": 0.00038443359375000017, "Perf/total_fps": 12667, "Perf/collection time": 1.275543451309204, "Perf/learning_time": 0.6645534038543701, "Std/mean_std": 0.6180062294006348, "Std/std_dim_0": 0.5818769931793213, "Std/std_dim_1": 0.7036608457565308, "Std/std_dim_2": 0.5676655173301697, "Std/std_dim_3": 0.559799313545227, "Std/std_dim_4": 0.710353672504425, "Std/std_dim_5": 0.576416015625, "Std/std_dim_6": 0.5723427534103394, "Std/std_dim_7": 0.7385445833206177, "Std/std_dim_8": 0.5785576105117798, "Std/std_dim_9": 0.5677639245986938, "Std/std_dim_10": 0.6948553323745728, "Std/std_dim_11": 0.5642379522323608, "Train/mean_reward": 10.883077525569824, "Train/mean_episode_length": 522.48, "_timestamp": 1722046311.1243978, "_runtime": 1168.9383306503296, "_step": 696, "_wandb": {"runtime": 1166}}