{"Episode/rew_action_rate": -0.019469184800982475, "Episode/rew_action_smoothness": -0.02555406652390957, "Episode/rew_ang_vel_xy": -0.0133775994181633, "Episode/rew_base_height": -0.0003912201791536063, "Episode/rew_default_joint_pos": -0.0013013536809012294, "Episode/rew_dof_acc": -0.009609082713723183, "Episode/rew_foot_clearance": -0.0074419728480279446, "Episode/rew_foot_slip": -0.03249285742640495, "Episode/rew_lin_vel_z": -0.004184531979262829, "Episode/rew_low_speed": 0.06046607345342636, "Episode/rew_orientation_eular": 0.06093768775463104, "Episode/rew_powers": -0.00012047185737174004, "Episode/rew_track_vel_hard": 0.06142967566847801, "Episode/rew_tracking_ang_vel": 0.21768295764923096, "Episode/rew_tracking_lin_vel": 0.518763542175293, "Episode/rew_vel_mismatch_exp": 0.15515178442001343, "Episode/cost_acc_smoothness": 0.07803447544574738, "Episode/cost_base_height": 0.0002608135109767318, "Episode/cost_collision": 0.0005208334187045693, "Episode/cost_dof_vel_limits": 0.0, "Episode/cost_feet_air_time": 0.026910439133644104, "Episode/cost_hip_pos": 0.013888366520404816, "Episode/cost_pos_limit": 0.004999999888241291, "Episode/cost_stand_still": 0.1854856312274933, "Episode/cost_torque_limit": 0.0, "Loss/value_function": 0.007781504560261965, "Loss/surrogate": -0.007962175377178938, "Loss/learning_rate": 1.5000000000000005e-05, "Perf/total_fps": 13064, "Perf/collection time": 0.5915369987487793, "Perf/learning_time": 0.34899187088012695, "Std/mean_std": 0.23824839293956757, "Std/std_dim_0": 0.21484652161598206, "Std/std_dim_1": 0.2754560112953186, "Std/std_dim_2": 0.23769524693489075, "Std/std_dim_3": 0.19400879740715027, "Std/std_dim_4": 0.2664432227611542, "Std/std_dim_5": 0.23763690888881683, "Std/std_dim_6": 0.19968187808990479, "Std/std_dim_7": 0.2623133361339569, "Std/std_dim_8": 0.22261984646320343, "Std/std_dim_9": 0.21565261483192444, "Std/std_dim_10": 0.27558478713035583, "Std/std_dim_11": 0.25704166293144226, "Train/mean_reward": 22.331017431393267, "Train/mean_episode_length": 649.68, "_timestamp": 1721718852, "_runtime": 1026, "_step": 1116}