{"Episode/rew_action_rate": -0.038240447640419006, "Episode/rew_action_smoothness": -0.0952254980802536, "Episode/rew_ang_vel_xy": -0.027910273522138596, "Episode/rew_base_height": -9.03780382941477e-05, "Episode/rew_default_joint_pos": -0.006856380961835384, "Episode/rew_dof_acc": -0.0063529061153531075, "Episode/rew_foot_clearance": -0.0001272587978746742, "Episode/rew_foot_slip": -0.04886464774608612, "Episode/rew_lin_vel_z": -0.008254509419202805, "Episode/rew_low_speed": -0.19324156641960144, "Episode/rew_orientation_eular": 0.07309232652187347, "Episode/rew_powers": -0.00013227597810328007, "Episode/rew_track_vel_hard": -0.043563853949308395, "Episode/rew_tracking_ang_vel": 0.24586951732635498, "Episode/rew_tracking_lin_vel": 0.6494832038879395, "Episode/rew_vel_mismatch_exp": 0.20761653780937195, "Episode/cost_acc_smoothness": 0.030803648754954338, "Episode/cost_base_height": 6.025203038007021e-05, "Episode/cost_collision": 0.00021527777425944805, "Episode/cost_dof_vel_limits": 0.0, "Episode/cost_feet_air_time": 0.010357151739299297, "Episode/cost_hip_pos": 0.008232271298766136, "Episode/cost_pos_limit": 0.004541667178273201, "Episode/cost_stand_still": 0.0418693944811821, "Episode/cost_torque_limit": 0.0, "Episode/terrain_level": 0.0087890625, "Loss/value_function": 0.011661283997818827, "Loss/surrogate": 8.85622575879097e-06, "Loss/learning_rate": 0.0005766503906250003, "Perf/total_fps": 12879, "Perf/collection time": 1.2732183933258057, "Perf/learning_time": 0.6350016593933105, "Std/mean_std": 0.42813563346862793, "Std/std_dim_0": 0.47316768765449524, "Std/std_dim_1": 0.45713162422180176, "Std/std_dim_2": 0.3452513515949249, "Std/std_dim_3": 0.4524119198322296, "Std/std_dim_4": 0.49583250284194946, "Std/std_dim_5": 0.36772316694259644, "Std/std_dim_6": 0.45143750309944153, "Std/std_dim_7": 0.4538409411907196, "Std/std_dim_8": 0.3611333966255188, "Std/std_dim_9": 0.4398421347141266, "Std/std_dim_10": 0.4988335967063904, "Std/std_dim_11": 0.341021865606308, "Train/mean_reward": 10.804275056162151, "Train/mean_episode_length": 538.75, "_timestamp": 1722042201.9436064, "_runtime": 385.3531074523926, "_step": 197, "_wandb": {"runtime": 383}}