{"Episode/rew_action_rate": -0.04819111153483391, "Episode/rew_action_smoothness": -0.12894600629806519, "Episode/rew_ang_vel_xy": -0.02807757258415222, "Episode/rew_base_height": -4.482293297769502e-05, "Episode/rew_default_joint_pos": -0.002189499093219638, "Episode/rew_dof_acc": -0.01354074664413929, "Episode/rew_feet_clearance_inter": -0.16162648797035217, "Episode/rew_foot_clearance": -0.0028043545316904783, "Episode/rew_foot_slip": -0.040266089141368866, "Episode/rew_lin_vel_z": -0.004893431439995766, "Episode/rew_low_speed": -0.1657901257276535, "Episode/rew_orientation_eular": 0.06749595701694489, "Episode/rew_powers": -0.0003837344702333212, "Episode/rew_track_vel_hard": -0.03999587520956993, "Episode/rew_tracking_ang_vel": 0.41060587763786316, "Episode/rew_tracking_lin_vel": 0.6946800947189331, "Episode/rew_vel_mismatch_exp": 0.2196444720029831, "Episode/cost_acc_smoothness": 0.6910041570663452, "Episode/cost_base_height": 8.964586595539004e-05, "Episode/cost_collision": 0.010652772150933743, "Episode/cost_dof_vel_limits": 0.01368749886751175, "Episode/cost_feet_air_time": 0.006610414944589138, "Episode/cost_hip_pos": 0.039427317678928375, "Episode/cost_pos_limit": 0.002541666617617011, "Episode/cost_stand_still": 0.28141266107559204, "Episode/cost_torque_limit": 0.0, "Loss/value_function": 0.030249715317040682, "Loss/surrogate": -0.007998806319665163, "Loss/learning_rate": 0.00017085937500000009, "Perf/total_fps": 19693, "Perf/collection time": 0.5794668197631836, "Perf/learning_time": 0.668445348739624, "Std/mean_std": 0.4616374373435974, "Std/std_dim_0": 0.5140721201896667, "Std/std_dim_1": 0.5417556762695312, "Std/std_dim_2": 0.43536075949668884, "Std/std_dim_3": 0.5430260300636292, "Std/std_dim_4": 0.4629288911819458, "Std/std_dim_5": 0.3408500552177429, "Std/std_dim_6": 0.4939766526222229, "Std/std_dim_7": 0.4728999435901642, "Std/std_dim_8": 0.42893242835998535, "Std/std_dim_9": 0.5146862268447876, "Std/std_dim_10": 0.47806107997894287, "Std/std_dim_11": 0.3130992352962494, "Train/mean_reward": 15.631320862546563, "Train/mean_episode_length": 816.39, "_timestamp": 1721485524, "_runtime": 1513, "_step": 1153}