{"Episode/rew_action_rate": -0.0729203149676323, "Episode/rew_action_smoothness": -0.19054138660430908, "Episode/rew_ang_vel_xy": -0.03911927342414856, "Episode/rew_base_height": -0.00017470661259721965, "Episode/rew_default_joint_pos": -0.0018297204514965415, "Episode/rew_dof_acc": -0.025524061173200607, "Episode/rew_feet_clearance_inter": 0.0, "Episode/rew_foot_clearance": -0.008290428668260574, "Episode/rew_foot_slip": -0.03387908264994621, "Episode/rew_lin_vel_z": -0.007051870226860046, "Episode/rew_low_speed": -0.1677705943584442, "Episode/rew_orientation_eular": 0.08081422746181488, "Episode/rew_powers": -0.0003027713391929865, "Episode/rew_track_vel_hard": -0.033407777547836304, "Episode/rew_tracking_ang_vel": 0.44634294509887695, "Episode/rew_tracking_lin_vel": 0.62416011095047, "Episode/rew_vel_mismatch_exp": 0.23132078349590302, "Episode/cost_acc_smoothness": 1.7708287239074707, "Episode/cost_base_height": 0.0003494132251944393, "Episode/cost_collision": 0.0036416659131646156, "Episode/cost_dof_vel_limits": 0.02462916076183319, "Episode/cost_feet_air_time": 0.015638988465070724, "Episode/cost_hip_pos": 0.06272172182798386, "Episode/cost_pos_limit": 0.0029624998569488525, "Episode/cost_stand_still": 0.19573843479156494, "Episode/cost_torque_limit": 0.0, "Loss/value_function": 0.029034262523055077, "Loss/surrogate": 0.0004559081826300826, "Loss/learning_rate": 0.00038443359375000017, "Perf/total_fps": 17261, "Perf/collection time": 0.7745070457458496, "Perf/learning_time": 0.6492068767547607, "Std/mean_std": 0.5621447563171387, "Std/std_dim_0": 0.5969358682632446, "Std/std_dim_1": 0.5984975695610046, "Std/std_dim_2": 0.49046170711517334, "Std/std_dim_3": 0.5734035968780518, "Std/std_dim_4": 0.6717336773872375, "Std/std_dim_5": 0.46339964866638184, "Std/std_dim_6": 0.5825051069259644, "Std/std_dim_7": 0.5993410348892212, "Std/std_dim_8": 0.45730891823768616, "Std/std_dim_9": 0.6009399890899658, "Std/std_dim_10": 0.6294474005699158, "Std/std_dim_11": 0.48176220059394836, "Train/mean_reward": 16.48460792316124, "Train/mean_episode_length": 772.1, "_timestamp": 1721481361, "_runtime": 147, "_step": 102}