{"Episode/rew_action_rate": -0.016177577897906303, "Episode/rew_action_smoothness": -0.03947116434574127, "Episode/rew_ang_vel_xy": -0.011200646869838238, "Episode/rew_base_height": -1.589980092830956e-05, "Episode/rew_default_joint_pos": -0.00075456069316715, "Episode/rew_dof_acc": -0.0023831382859498262, "Episode/rew_foot_clearance": -0.00013227808813098818, "Episode/rew_foot_slip": -0.019674096256494522, "Episode/rew_lin_vel_z": -0.002781705930829048, "Episode/rew_low_speed": -0.0725778266787529, "Episode/rew_orientation_eular": 0.03605685755610466, "Episode/rew_powers": -4.862886271439493e-05, "Episode/rew_track_vel_hard": -0.013659338466823101, "Episode/rew_tracking_ang_vel": 0.09837709367275238, "Episode/rew_tracking_lin_vel": 0.2881704568862915, "Episode/rew_vel_mismatch_exp": 0.08964961767196655, "Episode/cost_acc_smoothness": 0.008961397223174572, "Episode/cost_base_height": 1.0599867891869508e-05, "Episode/cost_collision": 0.000595833407714963, "Episode/cost_dof_vel_limits": 0.0, "Episode/cost_feet_air_time": 0.002276166807860136, "Episode/cost_hip_pos": 0.003568854881450534, "Episode/cost_pos_limit": 0.0017180554568767548, "Episode/cost_stand_still": 0.05781807750463486, "Episode/cost_torque_limit": 0.0, "Episode/terrain_level": 0.0, "Loss/value_function": 0.010653850296512246, "Loss/surrogate": 0.0009357882750919089, "Loss/learning_rate": 0.0005766503906250003, "Perf/total_fps": 12649, "Perf/collection time": 1.3479304313659668, "Perf/learning_time": 0.5949716567993164, "Std/mean_std": 0.41590428352355957, "Std/std_dim_0": 0.476263165473938, "Std/std_dim_1": 0.45205560326576233, "Std/std_dim_2": 0.32895588874816895, "Std/std_dim_3": 0.49213534593582153, "Std/std_dim_4": 0.4638141989707947, "Std/std_dim_5": 0.3094271421432495, "Std/std_dim_6": 0.4471948742866516, "Std/std_dim_7": 0.4523528516292572, "Std/std_dim_8": 0.3131101131439209, "Std/std_dim_9": 0.49184563755989075, "Std/std_dim_10": 0.43789729475975037, "Std/std_dim_11": 0.32579919695854187, "Train/mean_reward": 7.5249652611231435, "Train/mean_episode_length": 376.4, "_timestamp": 1722071009.403821, "_runtime": 10448.979546070099, "_step": 5999, "_wandb": {"runtime": 10447}}