{"Episode/rew_action_rate": -0.007924219593405724, "Episode/rew_action_smoothness": -0.023032722994685173, "Episode/rew_ang_vel_xy": -761487232598016.0, "Episode/rew_base_height": -0.0002274098078487441, "Episode/rew_default_joint_pos": -0.00012011989019811153, "Episode/rew_dof_acc": -23481211158528.0, "Episode/rew_feet_clearance_inter": 3.828623448498547e-06, "Episode/rew_foot_clearance": -28.687034606933594, "Episode/rew_foot_slip": -0.002828713273629546, "Episode/rew_lin_vel_z": -71857684480.0, "Episode/rew_low_speed": -0.005150770768523216, "Episode/rew_orientation_eular": 0.0008134708041325212, "Episode/rew_powers": -93.77842712402344, "Episode/rew_track_vel_hard": -406.8702392578125, "Episode/rew_tracking_ang_vel": 0.0037253207992762327, "Episode/rew_tracking_lin_vel": 0.010583356022834778, "Episode/rew_vel_mismatch_exp": 0.007399246096611023, "Episode/cost_acc_smoothness": 1628102.875, "Episode/cost_base_height": 0.0001749306102283299, "Episode/cost_collision": 0.0020389992278069258, "Episode/cost_dof_vel_limits": 0.0021840217523276806, "Episode/cost_feet_air_time": 0.0015279967337846756, "Episode/cost_hip_pos": 0.00302276574075222, "Episode/cost_pos_limit": 0.006553771905601025, "Episode/cost_stand_still": 0.008711442351341248, "Episode/cost_torque_limit": 0.0, "Loss/value_function": 8.451136541366576, "Loss/surrogate": -2.065498847514391e-08, "Loss/learning_rate": 0.01, "Perf/total_fps": 17243, "Perf/collection time": 0.7403354644775391, "Perf/learning_time": 0.6848559379577637, "Std/mean_std": 1.000436544418335, "Std/std_dim_0": 0.9986172914505005, "Std/std_dim_1": 1.0010075569152832, "Std/std_dim_2": 1.0007984638214111, "Std/std_dim_3": 1.0016634464263916, "Std/std_dim_4": 1.0007790327072144, "Std/std_dim_5": 0.9999756813049316, "Std/std_dim_6": 0.9999051690101624, "Std/std_dim_7": 1.0011610984802246, "Std/std_dim_8": 1.0005197525024414, "Std/std_dim_9": 0.9993562698364258, "Std/std_dim_10": 0.9993098378181458, "Std/std_dim_11": 1.00214421749115, "Train/mean_reward": 0.02677383040776476, "Train/mean_episode_length": 31.86, "_timestamp": 1721459398, "_runtime": 49, "_step": 27}