{"Episode/rew_action_rate": -0.013170845806598663, "Episode/rew_action_smoothness": -0.03263538330793381, "Episode/rew_ang_vel_xy": -0.009242111817002296, "Episode/rew_base_height": -0.002651049755513668, "Episode/rew_default_joint_pos": -0.0010999527294188738, "Episode/rew_dof_acc": -0.0037047965452075005, "Episode/rew_feet_clearance_inter": 0.23920726776123047, "Episode/rew_foot_clearance": -0.0036573063116520643, "Episode/rew_foot_slip": -0.0734434574842453, "Episode/rew_lin_vel_z": -0.003247431479394436, "Episode/rew_low_speed": -0.1469138264656067, "Episode/rew_orientation_eular": 0.013959042727947235, "Episode/rew_powers": -8.019738015718758e-05, "Episode/rew_track_vel_hard": -0.025764254853129387, "Episode/rew_tracking_ang_vel": 0.12063594907522202, "Episode/rew_tracking_lin_vel": 0.6829590797424316, "Episode/rew_vel_mismatch_exp": 0.25127917528152466, "Episode/cost_acc_smoothness": 0.038700252771377563, "Episode/cost_base_height": 0.0017673668917268515, "Episode/cost_collision": 0.6161426305770874, "Episode/cost_dof_vel_limits": 0.0, "Episode/cost_feet_air_time": 0.010322153568267822, "Episode/cost_hip_pos": 0.2842854857444763, "Episode/cost_pos_limit": 0.684691846370697, "Episode/cost_stand_still": 0.45436495542526245, "Episode/cost_torque_limit": 0.0, "Loss/value_function": 0.0069195649586617945, "Loss/surrogate": -0.008547492505749687, "Loss/learning_rate": 7.593750000000004e-05, "Perf/total_fps": 17707, "Perf/collection time": 0.8786342144012451, "Perf/learning_time": 0.7532379627227783, "Std/mean_std": 0.25036323070526123, "Std/std_dim_0": 0.21960347890853882, "Std/std_dim_1": 0.28232404589653015, "Std/std_dim_2": 0.2124193012714386, "Std/std_dim_3": 0.2291998416185379, "Std/std_dim_4": 0.29110288619995117, "Std/std_dim_5": 0.23013168573379517, "Std/std_dim_6": 0.23419836163520813, "Std/std_dim_7": 0.3038344085216522, "Std/std_dim_8": 0.24269059300422668, "Std/std_dim_9": 0.21586668491363525, "Std/std_dim_10": 0.2971091568470001, "Std/std_dim_11": 0.24587805569171906, "Train/mean_reward": 18.393574103862047, "Train/mean_episode_length": 755.35, "_timestamp": 1721650666, "_runtime": 606, "_step": 388}