{"Episode/rew_action_rate": -0.026163175702095032, "Episode/rew_action_smoothness": -0.06918003410100937, "Episode/rew_ang_vel_xy": -0.016295690089464188, "Episode/rew_base_height": -0.0007486945833079517, "Episode/rew_default_joint_pos": -0.001962774433195591, "Episode/rew_dof_acc": -0.00988786667585373, "Episode/rew_feet_clearance_inter": 0.00017499999376013875, "Episode/rew_foot_clearance": -0.004085239488631487, "Episode/rew_foot_slip": -0.032023102045059204, "Episode/rew_lin_vel_z": -0.00340176816098392, "Episode/rew_low_speed": -0.17522192001342773, "Episode/rew_orientation_eular": 0.08976832032203674, "Episode/rew_powers": -0.00020496714569162577, "Episode/rew_track_vel_hard": -0.03343038260936737, "Episode/rew_tracking_ang_vel": 0.152268648147583, "Episode/rew_tracking_lin_vel": 0.7056512832641602, "Episode/rew_vel_mismatch_exp": 0.23533272743225098, "Episode/cost_acc_smoothness": 0.5673322677612305, "Episode/cost_base_height": 0.0014973891666159034, "Episode/cost_collision": 0.015236101113259792, "Episode/cost_dof_vel_limits": 0.01144444476813078, "Episode/cost_feet_air_time": 0.007027080282568932, "Episode/cost_hip_pos": 0.04573407396674156, "Episode/cost_pos_limit": 0.008763886988162994, "Episode/cost_stand_still": 0.1438828408718109, "Episode/cost_torque_limit": 0.0, "Loss/value_function": 0.017045911448076368, "Loss/surrogate": 0.0003793735639192164, "Loss/learning_rate": 0.0005766503906250003, "Perf/total_fps": 16720, "Perf/collection time": 0.8070352077484131, "Perf/learning_time": 0.6627624034881592, "Std/mean_std": 0.35659050941467285, "Std/std_dim_0": 0.4162069857120514, "Std/std_dim_1": 0.4154694974422455, "Std/std_dim_2": 0.29357481002807617, "Std/std_dim_3": 0.4078848361968994, "Std/std_dim_4": 0.3701811134815216, "Std/std_dim_5": 0.28430694341659546, "Std/std_dim_6": 0.4143427908420563, "Std/std_dim_7": 0.380902498960495, "Std/std_dim_8": 0.25128868222236633, "Std/std_dim_9": 0.3892284631729126, "Std/std_dim_10": 0.39146265387535095, "Std/std_dim_11": 0.2642366588115692, "Train/mean_reward": 14.280917726047337, "Train/mean_episode_length": 749.81, "_timestamp": 1721486394, "_runtime": 832, "_step": 622}