{"Episode/rew_action_rate": -0.029133593663573265, "Episode/rew_action_smoothness": -0.04778803512454033, "Episode/rew_ang_vel_xy": -0.021279610693454742, "Episode/rew_base_height": -0.001857536262832582, "Episode/rew_dof_acc": -0.01904536783695221, "Episode/rew_feet_clearance_inter": 0.0, "Episode/rew_foot_clearance": -0.020577985793352127, "Episode/rew_foot_slip": -0.02074732445180416, "Episode/rew_joint_ref_pos": -0.0012344743590801954, "Episode/rew_lin_vel_z": -0.007142354734241962, "Episode/rew_low_speed": 0.08256746828556061, "Episode/rew_orientation_eular": 0.0888780802488327, "Episode/rew_powers": -0.00018261132936459035, "Episode/rew_track_vel_hard": 0.04669038578867912, "Episode/rew_tracking_ang_vel": 0.26605600118637085, "Episode/rew_tracking_lin_vel": 0.6877787113189697, "Episode/rew_vel_mismatch_exp": 0.2015242576599121, "Episode/cost_acc_smoothness": 0.3185689449310303, "Episode/cost_base_height": 0.0012383570428937674, "Episode/cost_collision": 0.00047916671610437334, "Episode/cost_dof_vel_limits": 2.777777990559116e-05, "Episode/cost_feet_air_time": 0.04587851092219353, "Episode/cost_hip_pos": 0.049408093094825745, "Episode/cost_pos_limit": 0.00642361119389534, "Episode/cost_stand_still": 0.08304101228713989, "Episode/cost_torque_limit": 0.0, "Loss/value_function": 0.018296635383740066, "Loss/surrogate": -0.007187737931963057, "Loss/learning_rate": 1.5000000000000005e-05, "Perf/total_fps": 12174, "Perf/collection time": 0.6676645278930664, "Perf/learning_time": 0.3416557312011719, "Std/mean_std": 0.2924741506576538, "Std/std_dim_0": 0.2615799903869629, "Std/std_dim_1": 0.33489149808883667, "Std/std_dim_2": 0.31884607672691345, "Std/std_dim_3": 0.23995870351791382, "Std/std_dim_4": 0.3219381272792816, "Std/std_dim_5": 0.29564499855041504, "Std/std_dim_6": 0.2506750524044037, "Std/std_dim_7": 0.3345237970352173, "Std/std_dim_8": 0.2865752875804901, "Std/std_dim_9": 0.23774896562099457, "Std/std_dim_10": 0.32321980595588684, "Std/std_dim_11": 0.304087370634079, "Train/mean_reward": 22.50370533070527, "Train/mean_episode_length": 678.83, "_timestamp": 1721654410, "_runtime": 756, "_step": 791}