{"Episode/rew_action_rate": -0.04260239005088806, "Episode/rew_action_smoothness": -0.106272391974926, "Episode/rew_ang_vel_xy": -0.02426985651254654, "Episode/rew_base_height": -0.00028166171978227794, "Episode/rew_default_joint_pos": -0.0023441307712346315, "Episode/rew_dof_acc": -0.019007323309779167, "Episode/rew_foot_clearance": -0.00019568984862416983, "Episode/rew_foot_slip": -0.07414598762989044, "Episode/rew_lin_vel_z": -0.005560165271162987, "Episode/rew_low_speed": -0.19353114068508148, "Episode/rew_orientation_eular": 0.14724162220954895, "Episode/rew_powers": -0.00028374255634844303, "Episode/rew_track_vel_hard": -0.0507180392742157, "Episode/rew_tracking_ang_vel": 0.24672000110149384, "Episode/rew_tracking_lin_vel": 0.7431358098983765, "Episode/rew_vel_mismatch_exp": 0.236420139670372, "Episode/cost_acc_smoothness": 1.4364039897918701, "Episode/cost_base_height": 0.00018777450895868242, "Episode/cost_collision": 0.0002916666853707284, "Episode/cost_dof_vel_limits": 0.020493052899837494, "Episode/cost_feet_air_time": 0.022354861721396446, "Episode/cost_hip_pos": 0.04565470665693283, "Episode/cost_pos_limit": 0.0322013758122921, "Episode/cost_stand_still": 0.14452964067459106, "Episode/cost_torque_limit": 0.0, "Loss/value_function": 0.011801131488755345, "Loss/surrogate": 0.0006872826255857944, "Loss/learning_rate": 0.0005766503906250003, "Perf/total_fps": 15943, "Perf/collection time": 0.8880395889282227, "Perf/learning_time": 0.6534395217895508, "Std/mean_std": 0.4490842819213867, "Std/std_dim_0": 0.42677074670791626, "Std/std_dim_1": 0.5074024796485901, "Std/std_dim_2": 0.37308308482170105, "Std/std_dim_3": 0.45100000500679016, "Std/std_dim_4": 0.5320360660552979, "Std/std_dim_5": 0.35681840777397156, "Std/std_dim_6": 0.46876680850982666, "Std/std_dim_7": 0.5668348670005798, "Std/std_dim_8": 0.37009352445602417, "Std/std_dim_9": 0.4515165686607361, "Std/std_dim_10": 0.531345009803772, "Std/std_dim_11": 0.35334381461143494, "Train/mean_reward": 18.122803258383648, "Train/mean_episode_length": 894.37, "_timestamp": 1721827672.0163665, "_runtime": 1090.7930974960327, "_step": 773, "_wandb": {"runtime": 1088}}