{"Episode/rew_action_rate": -0.02077835611999035, "Episode/rew_action_smoothness": -0.023812245577573776, "Episode/rew_ang_vel_xy": -0.01284542866051197, "Episode/rew_base_height": -0.0012780243996530771, "Episode/rew_default_joint_pos": -0.0005637616268359125, "Episode/rew_dof_acc": -0.012836633250117302, "Episode/rew_feet_clearance_inter": 0.004635414108633995, "Episode/rew_foot_clearance": -0.010102104395627975, "Episode/rew_foot_slip": -0.09310872852802277, "Episode/rew_lin_vel_z": -0.004194121807813644, "Episode/rew_low_speed": -0.004391978494822979, "Episode/rew_orientation_eular": 0.06889720261096954, "Episode/rew_powers": -0.00013432114792522043, "Episode/rew_track_vel_hard": 0.03565611317753792, "Episode/rew_tracking_ang_vel": 0.29704394936561584, "Episode/rew_tracking_lin_vel": 0.7487847208976746, "Episode/rew_vel_mismatch_exp": 0.2459358423948288, "Episode/cost_acc_smoothness": 0.20694026350975037, "Episode/cost_base_height": 0.0008520161500200629, "Episode/cost_collision": 0.12963326275348663, "Episode/cost_dof_vel_limits": 0.0, "Episode/cost_feet_air_time": 0.0210310947149992, "Episode/cost_hip_pos": 0.18135929107666016, "Episode/cost_pos_limit": 0.18823739886283875, "Episode/cost_stand_still": 0.19696860015392303, "Episode/cost_torque_limit": 0.0, "Loss/value_function": 0.005419304291717708, "Loss/surrogate": -0.007676637811528053, "Loss/learning_rate": 3.3750000000000014e-05, "Perf/total_fps": 17523, "Perf/collection time": 0.8915524482727051, "Perf/learning_time": 0.7574162483215332, "Std/mean_std": 0.1783677041530609, "Std/std_dim_0": 0.14933791756629944, "Std/std_dim_1": 0.22537435591220856, "Std/std_dim_2": 0.17622724175453186, "Std/std_dim_3": 0.1568112075328827, "Std/std_dim_4": 0.20726314187049866, "Std/std_dim_5": 0.17896783351898193, "Std/std_dim_6": 0.1560865342617035, "Std/std_dim_7": 0.18932847678661346, "Std/std_dim_8": 0.16507315635681152, "Std/std_dim_9": 0.1626625806093216, "Std/std_dim_10": 0.20879855751991272, "Std/std_dim_11": 0.1644814908504486, "Train/mean_reward": 24.564532046988607, "Train/mean_episode_length": 835.28, "_timestamp": 1721650026, "_runtime": 1148, "_step": 708}