{"Episode/rew_action_rate": -0.007745410315692425, "Episode/rew_action_smoothness": -0.022287406027317047, "Episode/rew_ang_vel_xy": -3.424984994599471e+23, "Episode/rew_base_height": -7607657.5, "Episode/rew_default_joint_pos": -0.0001052598818205297, "Episode/rew_dof_acc": -7.996372623417162e+22, "Episode/rew_feet_clearance_inter": 2.0973952814529184e-06, "Episode/rew_foot_clearance": -1016546.75, "Episode/rew_foot_slip": -1.3865160942077637, "Episode/rew_lin_vel_z": -2.7133885169307274e+20, "Episode/rew_low_speed": -0.004571444820612669, "Episode/rew_orientation_eular": 0.0006694864714518189, "Episode/rew_powers": -5600969.5, "Episode/rew_track_vel_hard": -896803072.0, "Episode/rew_tracking_ang_vel": 0.0034149426501244307, "Episode/rew_tracking_lin_vel": 0.009128963574767113, "Episode/rew_vel_mismatch_exp": 0.0063077411614358425, "Episode/cost_acc_smoothness": 97239040000.0, "Episode/cost_base_height": 5852045.0, "Episode/cost_collision": 0.0015589827671647072, "Episode/cost_dof_vel_limits": 0.002087056403979659, "Episode/cost_feet_air_time": 0.001336187357082963, "Episode/cost_hip_pos": 0.0024761375971138477, "Episode/cost_pos_limit": 0.004994540940970182, "Episode/cost_stand_still": 0.009343578480184078, "Episode/cost_torque_limit": 0.0, "Loss/value_function": 0.26270782947540283, "Loss/surrogate": -6.827758625149727e-08, "Loss/learning_rate": 0.01, "Perf/total_fps": 17909, "Perf/collection time": 0.7165696620941162, "Perf/learning_time": 0.6556792259216309, "Std/mean_std": 1.0592283010482788, "Std/std_dim_0": 1.0735318660736084, "Std/std_dim_1": 1.0059870481491089, "Std/std_dim_2": 1.0566965341567993, "Std/std_dim_3": 1.0747783184051514, "Std/std_dim_4": 1.011319875717163, "Std/std_dim_5": 1.053102731704712, "Std/std_dim_6": 1.1116904020309448, "Std/std_dim_7": 1.1015753746032715, "Std/std_dim_8": 1.041635513305664, "Std/std_dim_9": 1.069392204284668, "Std/std_dim_10": 1.0731396675109863, "Std/std_dim_11": 1.0378886461257935, "Train/mean_reward": 0.016497325161471964, "Train/mean_episode_length": 26.28, "_timestamp": 1721459704, "_runtime": 84, "_step": 41, "_wandb": {"runtime": 81}}