{"Episode/rew_action_rate": -0.026045262813568115, "Episode/rew_action_smoothness": -0.06520145386457443, "Episode/rew_ang_vel_xy": -0.017635295167565346, "Episode/rew_base_height": -0.000340902479365468, "Episode/rew_default_joint_pos": -0.003898452501744032, "Episode/rew_dof_acc": -0.012750345282256603, "Episode/rew_foot_clearance": -0.00020676900749094784, "Episode/rew_foot_slip": -0.06381942331790924, "Episode/rew_lin_vel_z": -0.004381910432130098, "Episode/rew_low_speed": -0.13645121455192566, "Episode/rew_orientation_eular": 0.1372343897819519, "Episode/rew_powers": -0.0002255981380585581, "Episode/rew_track_vel_hard": -0.06745031476020813, "Episode/rew_tracking_ang_vel": 0.021683506667613983, "Episode/rew_tracking_lin_vel": 0.3756299614906311, "Episode/rew_vel_mismatch_exp": 0.20080755650997162, "Episode/cost_acc_smoothness": 0.8982772827148438, "Episode/cost_base_height": 0.00022726826136931777, "Episode/cost_collision": 0.0003541666956152767, "Episode/cost_dof_vel_limits": 0.00994444452226162, "Episode/cost_feet_air_time": 0.016169928014278412, "Episode/cost_hip_pos": 0.020322199910879135, "Episode/cost_pos_limit": 0.015520825982093811, "Episode/cost_stand_still": 0.06782498210668564, "Episode/cost_torque_limit": 0.0, "Loss/value_function": 0.004890465864446014, "Loss/surrogate": 0.00027849570324178785, "Loss/learning_rate": 0.0005766503906250003, "Perf/total_fps": 16455, "Perf/collection time": 0.8091435432434082, "Perf/learning_time": 0.6843020915985107, "Std/mean_std": 0.40174049139022827, "Std/std_dim_0": 0.4198353588581085, "Std/std_dim_1": 0.4381105899810791, "Std/std_dim_2": 0.34512707591056824, "Std/std_dim_3": 0.4244426488876343, "Std/std_dim_4": 0.45552366971969604, "Std/std_dim_5": 0.31042802333831787, "Std/std_dim_6": 0.43313631415367126, "Std/std_dim_7": 0.44852468371391296, "Std/std_dim_8": 0.3516148030757904, "Std/std_dim_9": 0.41484254598617554, "Std/std_dim_10": 0.4583015441894531, "Std/std_dim_11": 0.32099857926368713, "Train/mean_reward": 7.222630883343518, "Train/mean_episode_length": 751.68, "_timestamp": 1721830267.6600783, "_runtime": 1055.3533692359924, "_step": 787, "_wandb": {"runtime": 1053}}