{"Episode/rew_action_rate": -0.0020156283862888813, "Episode/rew_action_smoothness": -0.001531534711830318, "Episode/rew_ang_vel_xy": -0.0033402182161808014, "Episode/rew_base_height": -4.692539619099989e-07, "Episode/rew_default_joint_pos": -5.053280347055988e-06, "Episode/rew_dof_acc": -0.0005350882420316339, "Episode/rew_feet_clearance_inter": 5.150409378984477e-07, "Episode/rew_foot_clearance": -1.4550491869158577e-05, "Episode/rew_foot_slip": -6.641752406721935e-05, "Episode/rew_lin_vel_z": -0.0009300610981881618, "Episode/rew_low_speed": -0.00014882939285598695, "Episode/rew_orientation_eular": 0.00018741213716566563, "Episode/rew_powers": -6.959069196454948e-06, "Episode/rew_track_vel_hard": -0.0001565971178933978, "Episode/rew_tracking_ang_vel": 0.0001035544482874684, "Episode/rew_tracking_lin_vel": 0.00030510404030792415, "Episode/rew_vel_mismatch_exp": 5.2335060900077224e-05, "Episode/cost_acc_smoothness": 0.03513006865978241, "Episode/cost_base_height": 9.385079238199978e-07, "Episode/cost_collision": 0.00011767310206778347, "Episode/cost_dof_vel_limits": 0.00016301768482662737, "Episode/cost_feet_air_time": 1.827081632654881e-06, "Episode/cost_hip_pos": 4.9495887651573867e-05, "Episode/cost_pos_limit": 1.1006682143488433e-06, "Episode/cost_stand_still": 0.00026233086828142405, "Episode/cost_torque_limit": 0.0, "Loss/value_function": 0.00020191190560581163, "Loss/surrogate": -0.0024245652719400825, "Loss/learning_rate": 0.00011390625000000006, "Perf/total_fps": 16789, "Perf/collection time": 0.79449462890625, "Perf/learning_time": 0.6692466735839844, "Std/mean_std": 0.8120216131210327, "Std/std_dim_0": 0.5622683763504028, "Std/std_dim_1": 0.9336468577384949, "Std/std_dim_2": 0.9620446562767029, "Std/std_dim_3": 0.5629124045372009, "Std/std_dim_4": 0.9000535011291504, "Std/std_dim_5": 0.8976895213127136, "Std/std_dim_6": 0.5706539154052734, "Std/std_dim_7": 0.9481905698776245, "Std/std_dim_8": 0.9582464694976807, "Std/std_dim_9": 0.550268828868866, "Std/std_dim_10": 0.9786425828933716, "Std/std_dim_11": 0.919640839099884, "Train/mean_reward": 0.01726238753180951, "Train/mean_episode_length": 3.29, "_timestamp": 1721473222, "_runtime": 4495, "_step": 3199}