{"Episode/rew_action_rate": -0.01872987486422062, "Episode/rew_action_smoothness": -0.014854314737021923, "Episode/rew_ang_vel_xy": -0.014913978055119514, "Episode/rew_base_height": -8.934891957323998e-05, "Episode/rew_default_joint_pos": -0.001967249670997262, "Episode/rew_dof_acc": -0.010872211307287216, "Episode/rew_feet_clearance_inter": 2.083333492919337e-05, "Episode/rew_foot_clearance": -0.012723423540592194, "Episode/rew_foot_slip": -0.0528608113527298, "Episode/rew_lin_vel_z": -0.004508091602474451, "Episode/rew_low_speed": 0.10006552189588547, "Episode/rew_orientation_eular": 0.08464521169662476, "Episode/rew_powers": -0.00018215944874100387, "Episode/rew_track_vel_hard": 0.05298426374793053, "Episode/rew_tracking_ang_vel": 0.3089866638183594, "Episode/rew_tracking_lin_vel": 0.7293740510940552, "Episode/rew_vel_mismatch_exp": 0.23331694304943085, "Episode/cost_acc_smoothness": 0.05171748250722885, "Episode/cost_base_height": 5.956595850875601e-05, "Episode/cost_collision": 0.00020833333837799728, "Episode/cost_dof_vel_limits": 0.0, "Episode/cost_feet_air_time": 0.06176471710205078, "Episode/cost_hip_pos": 0.016453180462121964, "Episode/cost_pos_limit": 0.0030694440938532352, "Episode/cost_stand_still": 0.07849108427762985, "Episode/cost_torque_limit": 0.0, "Loss/value_function": 0.024058030033484102, "Loss/surrogate": -0.004320318391546607, "Loss/learning_rate": 1.5000000000000005e-05, "Perf/total_fps": 12214, "Perf/collection time": 0.6600706577301025, "Perf/learning_time": 0.34595680236816406, "Std/mean_std": 0.11602018773555756, "Std/std_dim_0": 0.09360568225383759, "Std/std_dim_1": 0.12359971553087234, "Std/std_dim_2": 0.11045204848051071, "Std/std_dim_3": 0.10499855875968933, "Std/std_dim_4": 0.1372622400522232, "Std/std_dim_5": 0.0926348939538002, "Std/std_dim_6": 0.12338387966156006, "Std/std_dim_7": 0.14107494056224823, "Std/std_dim_8": 0.10428431630134583, "Std/std_dim_9": 0.10905012488365173, "Std/std_dim_10": 0.14296282827854156, "Std/std_dim_11": 0.10893300920724869, "Train/mean_reward": 28.258432228565216, "Train/mean_episode_length": 815.36, "_timestamp": 1721730929, "_runtime": 4303, "_step": 5098}