{"Episode/rew_action_rate": -0.03348245471715927, "Episode/rew_action_smoothness": -0.05024837702512741, "Episode/rew_ang_vel_xy": -0.02060667611658573, "Episode/rew_base_height": -0.0012541431933641434, "Episode/rew_dof_acc": -0.0019224704010412097, "Episode/rew_foot_clearance": -0.014315931126475334, "Episode/rew_foot_slip": -0.033320195972919464, "Episode/rew_lin_vel_z": -0.005403455346822739, "Episode/rew_low_speed": 0.0870889276266098, "Episode/rew_orientation_eular": 0.07015936076641083, "Episode/rew_powers": -1.3649876564159058e-05, "Episode/rew_track_vel_hard": 0.05124150961637497, "Episode/rew_tracking_ang_vel": 0.25775790214538574, "Episode/rew_tracking_lin_vel": 0.6040502190589905, "Episode/rew_vel_mismatch_exp": 0.1685430407524109, "Episode/cost_acc_smoothness": 0.3728410005569458, "Episode/cost_base_height": 0.0008360957726836205, "Episode/cost_collision": 0.0001250000059371814, "Episode/cost_dof_vel_limits": 2.083333492919337e-05, "Episode/cost_feet_air_time": 0.04029349237680435, "Episode/cost_hip_pos": 0.04475761204957962, "Episode/cost_pos_limit": 0.007520833518356085, "Episode/cost_stand_still": 0.07926585525274277, "Episode/cost_torque_limit": 0.0, "Loss/value_function": 0.009714770806021988, "Loss/surrogate": -0.013300375908147543, "Loss/learning_rate": 2.2500000000000008e-05, "Perf/total_fps": 14113, "Perf/collection time": 0.5132999420166016, "Perf/learning_time": 0.35735273361206055, "Std/mean_std": 0.3256455063819885, "Std/std_dim_0": 0.30455896258354187, "Std/std_dim_1": 0.3500921428203583, "Std/std_dim_2": 0.3394037187099457, "Std/std_dim_3": 0.2760668694972992, "Std/std_dim_4": 0.3483298122882843, "Std/std_dim_5": 0.32819104194641113, "Std/std_dim_6": 0.2959349751472473, "Std/std_dim_7": 0.3592684268951416, "Std/std_dim_8": 0.3419981300830841, "Std/std_dim_9": 0.27623528242111206, "Std/std_dim_10": 0.3502736985683441, "Std/std_dim_11": 0.3373929560184479, "Train/mean_reward": 25.919120768904687, "Train/mean_episode_length": 756.29, "_timestamp": 1721740055, "_runtime": 664, "_step": 691}