{"Episode/rew_action_rate": -0.02014721930027008, "Episode/rew_action_smoothness": -0.05521218478679657, "Episode/rew_ang_vel_xy": -0.01173393428325653, "Episode/rew_base_height": -0.0003362918214406818, "Episode/rew_default_joint_pos": -0.0038823920767754316, "Episode/rew_dof_acc": -0.005994503386318684, "Episode/rew_feet_clearance_inter": 0.0001354166743112728, "Episode/rew_foot_clearance": -0.001967531396076083, "Episode/rew_foot_slip": -0.02513193152844906, "Episode/rew_lin_vel_z": -0.002423294121399522, "Episode/rew_low_speed": -0.12827065587043762, "Episode/rew_orientation_eular": 0.19434094429016113, "Episode/rew_powers": -0.00016544212121516466, "Episode/rew_track_vel_hard": -0.028679262846708298, "Episode/rew_tracking_ang_vel": 0.1402270793914795, "Episode/rew_tracking_lin_vel": 0.3923438787460327, "Episode/rew_vel_mismatch_exp": 0.2046399563550949, "Episode/cost_acc_smoothness": 0.3984210193157196, "Episode/cost_base_height": 0.0006725836428813636, "Episode/cost_collision": 0.005430552642792463, "Episode/cost_dof_vel_limits": 0.012052084319293499, "Episode/cost_feet_air_time": 0.002317777369171381, "Episode/cost_hip_pos": 0.031041830778121948, "Episode/cost_pos_limit": 0.0031701386906206608, "Episode/cost_stand_still": 0.20278838276863098, "Episode/cost_torque_limit": 0.0, "Loss/value_function": 0.026046334952116012, "Loss/surrogate": 0.0041555414063623175, "Loss/learning_rate": 0.0008649755859375004, "Perf/total_fps": 16832, "Perf/collection time": 0.8124790191650391, "Perf/learning_time": 0.6475586891174316, "Std/mean_std": 0.33197590708732605, "Std/std_dim_0": 0.3725930452346802, "Std/std_dim_1": 0.34869518876075745, "Std/std_dim_2": 0.2298421710729599, "Std/std_dim_3": 0.40857118368148804, "Std/std_dim_4": 0.3614046275615692, "Std/std_dim_5": 0.2326086163520813, "Std/std_dim_6": 0.38556793332099915, "Std/std_dim_7": 0.3623400628566742, "Std/std_dim_8": 0.29097622632980347, "Std/std_dim_9": 0.41504475474357605, "Std/std_dim_10": 0.3544556796550751, "Std/std_dim_11": 0.2216114103794098, "Train/mean_reward": 10.73146154163871, "Train/mean_episode_length": 653.3, "_timestamp": 1721475864, "_runtime": 1329, "_step": 992, "_wandb": {"runtime": 1325}}