{"Episode/rew_action_rate": -0.023832842707633972, "Episode/rew_action_smoothness": -0.057726532220840454, "Episode/rew_ang_vel_xy": -0.017206687480211258, "Episode/rew_base_height": -5.850579327670857e-05, "Episode/rew_default_joint_pos": -0.002223793650045991, "Episode/rew_dof_acc": -0.005231279879808426, "Episode/rew_foot_clearance": -0.00014111022755969316, "Episode/rew_foot_slip": -0.026296187192201614, "Episode/rew_lin_vel_z": -0.004846914671361446, "Episode/rew_low_speed": -0.05121944099664688, "Episode/rew_orientation_eular": 0.03750653192400932, "Episode/rew_powers": -0.00011095251829829067, "Episode/rew_track_vel_hard": -0.007588889449834824, "Episode/rew_tracking_ang_vel": 0.11061754077672958, "Episode/rew_tracking_lin_vel": 0.3245018720626831, "Episode/rew_vel_mismatch_exp": 0.1042642593383789, "Episode/cost_acc_smoothness": 0.028559774160385132, "Episode/cost_base_height": 3.900386218447238e-05, "Episode/cost_collision": 0.0006097222794778645, "Episode/cost_dof_vel_limits": 6.388889596564695e-05, "Episode/cost_feet_air_time": 0.010628285817801952, "Episode/cost_hip_pos": 0.011385707184672356, "Episode/cost_pos_limit": 0.004831944592297077, "Episode/cost_stand_still": 0.025531811639666557, "Episode/cost_torque_limit": 0.0, "Episode/terrain_level": 0.0, "Loss/value_function": 0.012589079327881336, "Loss/surrogate": 0.0024423707225651016, "Loss/learning_rate": 0.00038443359375000017, "Perf/total_fps": 13132, "Perf/collection time": 1.204096794128418, "Perf/learning_time": 0.6672549247741699, "Std/mean_std": 0.4926609992980957, "Std/std_dim_0": 0.4768563210964203, "Std/std_dim_1": 0.5768541097640991, "Std/std_dim_2": 0.396605908870697, "Std/std_dim_3": 0.5064720511436462, "Std/std_dim_4": 0.5949670672416687, "Std/std_dim_5": 0.38129618763923645, "Std/std_dim_6": 0.47502657771110535, "Std/std_dim_7": 0.5899417400360107, "Std/std_dim_8": 0.41099923849105835, "Std/std_dim_9": 0.5237336754798889, "Std/std_dim_10": 0.5913289785385132, "Std/std_dim_11": 0.38784998655319214, "Train/mean_reward": 7.573278825317975, "Train/mean_episode_length": 414.93, "_timestamp": 1722043930.9068146, "_runtime": 1668.2331385612488, "_step": 1066, "_wandb": {"runtime": 1668}}