{"Episode/rew_action_rate": -0.05344332382082939, "Episode/rew_action_smoothness": -0.11275631189346313, "Episode/rew_ang_vel_xy": -0.03509196639060974, "Episode/rew_base_height": -7.090105646057054e-05, "Episode/rew_default_joint_pos": -0.016115903854370117, "Episode/rew_dof_acc": -0.014167852699756622, "Episode/rew_foot_clearance": -0.0001111276651499793, "Episode/rew_foot_slip": -0.05851798877120018, "Episode/rew_lin_vel_z": -0.008785595186054707, "Episode/rew_low_speed": 0.06885793805122375, "Episode/rew_orientation_eular": 0.0498584508895874, "Episode/rew_powers": -0.0005403778050094843, "Episode/rew_track_vel_hard": -0.011053510010242462, "Episode/rew_tracking_ang_vel": 0.2680323123931885, "Episode/rew_tracking_lin_vel": 0.7320051193237305, "Episode/rew_vel_mismatch_exp": 0.2099563330411911, "Episode/cost_acc_smoothness": 0.02362987957894802, "Episode/cost_base_height": 4.726737824967131e-05, "Episode/cost_collision": 0.00010416667646495625, "Episode/cost_dof_vel_limits": 0.0, "Episode/cost_feet_air_time": 0.008467883802950382, "Episode/cost_hip_pos": 0.005179223138839006, "Episode/cost_pos_limit": 0.0014652777463197708, "Episode/cost_stand_still": 0.08475898206233978, "Episode/cost_torque_limit": 0.0, "Loss/value_function": 0.01645920379087329, "Loss/surrogate": -0.003442045609699562, "Loss/learning_rate": 0.0002562890625000001, "Perf/total_fps": 17034, "Perf/collection time": 0.7574179172515869, "Perf/learning_time": 0.6852688789367676, "Std/mean_std": 0.4294031858444214, "Std/std_dim_0": 0.42047378420829773, "Std/std_dim_1": 0.5311055779457092, "Std/std_dim_2": 0.34921127557754517, "Std/std_dim_3": 0.3756019175052643, "Std/std_dim_4": 0.5117123126983643, "Std/std_dim_5": 0.3156871199607849, "Std/std_dim_6": 0.4109977185726166, "Std/std_dim_7": 0.5473483800888062, "Std/std_dim_8": 0.38262200355529785, "Std/std_dim_9": 0.4073086380958557, "Std/std_dim_10": 0.5506717562675476, "Std/std_dim_11": 0.35009756684303284, "Train/mean_reward": 19.474848265871405, "Train/mean_episode_length": 786.42, "_timestamp": 1721881305.8571746, "_runtime": 8398.363543748856, "_step": 5999, "_wandb": {"runtime": 8392}}