{"Episode/rew_action_rate": -0.022449370473623276, "Episode/rew_action_smoothness": -0.02566538006067276, "Episode/rew_ang_vel_xy": -0.013842185959219933, "Episode/rew_base_height": -0.0003278719959780574, "Episode/rew_dof_acc": -0.013499791733920574, "Episode/rew_foot_clearance": -0.05074983835220337, "Episode/rew_foot_slip": -0.04252205416560173, "Episode/rew_lin_vel_z": -0.00427278783172369, "Episode/rew_low_speed": 0.10692694038152695, "Episode/rew_orientation_eular": 0.07604741305112839, "Episode/rew_powers": -0.000165077144629322, "Episode/rew_track_vel_hard": 0.08926741778850555, "Episode/rew_tracking_ang_vel": 0.2547962963581085, "Episode/rew_tracking_lin_vel": 0.6441546678543091, "Episode/rew_vel_mismatch_exp": 0.19651246070861816, "Episode/cost_acc_smoothness": 0.1097804605960846, "Episode/cost_base_height": 0.00021858126274310052, "Episode/cost_collision": 0.0009791667107492685, "Episode/cost_dof_vel_limits": 0.0, "Episode/cost_feet_air_time": 0.03276517614722252, "Episode/cost_hip_pos": 0.018259219825267792, "Episode/cost_pos_limit": 0.001500000013038516, "Episode/cost_stand_still": 0.13668164610862732, "Episode/cost_torque_limit": 0.0, "Loss/value_function": 0.007397448061965406, "Loss/surrogate": -0.004750473494641483, "Loss/learning_rate": 5.0625000000000024e-05, "Perf/total_fps": 12181, "Perf/collection time": 0.6540770530700684, "Perf/learning_time": 0.3546884059906006, "Std/mean_std": 0.19646385312080383, "Std/std_dim_0": 0.16852158308029175, "Std/std_dim_1": 0.23290757834911346, "Std/std_dim_2": 0.203486368060112, "Std/std_dim_3": 0.16938692331314087, "Std/std_dim_4": 0.22040514647960663, "Std/std_dim_5": 0.18578392267227173, "Std/std_dim_6": 0.16199709475040436, "Std/std_dim_7": 0.22561772167682648, "Std/std_dim_8": 0.19768191874027252, "Std/std_dim_9": 0.17027205228805542, "Std/std_dim_10": 0.22542165219783783, "Std/std_dim_11": 0.19608421623706818, "Train/mean_reward": 23.756949792667292, "Train/mean_episode_length": 697.79, "_timestamp": 1721734001, "_runtime": 1432, "_step": 1560}