{"Episode/rew_action_rate": -0.003792188595980406, "Episode/rew_action_smoothness": -0.00995868444442749, "Episode/rew_ang_vel_xy": -0.007267640437930822, "Episode/rew_base_height": -0.00016654198407195508, "Episode/rew_default_joint_pos": -0.0008486434817314148, "Episode/rew_dof_acc": -0.0035822379868477583, "Episode/rew_feet_clearance_inter": 6.181545177241787e-05, "Episode/rew_foot_clearance": -0.00033758056815713644, "Episode/rew_foot_slip": -0.005893751513212919, "Episode/rew_lin_vel_z": -0.001396575360558927, "Episode/rew_low_speed": -0.0007141676032915711, "Episode/rew_orientation_eular": 0.005580326076596975, "Episode/rew_powers": -3.4086962841684e-05, "Episode/rew_track_vel_hard": -0.001104318187572062, "Episode/rew_tracking_ang_vel": 0.010188637301325798, "Episode/rew_tracking_lin_vel": 0.05652739852666855, "Episode/rew_vel_mismatch_exp": 0.020863279700279236, "Episode/cost_acc_smoothness": 0.2268424928188324, "Episode/cost_base_height": 0.0001281092263525352, "Episode/cost_collision": 0.000731108128093183, "Episode/cost_dof_vel_limits": 0.00483387615531683, "Episode/cost_feet_air_time": 0.0014574362430721521, "Episode/cost_hip_pos": 0.0016691384371370077, "Episode/cost_pos_limit": 0.0004222053976263851, "Episode/cost_stand_still": 0.02751500904560089, "Episode/cost_torque_limit": 0.0, "Loss/value_function": 0.020259303599596025, "Loss/surrogate": -0.0006644291104748845, "Loss/learning_rate": 0.0008649755859375004, "Perf/total_fps": 19887, "Perf/collection time": 0.6142063140869141, "Perf/learning_time": 0.6215543746948242, "Std/mean_std": 0.40052029490470886, "Std/std_dim_0": 0.4400125741958618, "Std/std_dim_1": 0.45388901233673096, "Std/std_dim_2": 0.3447083532810211, "Std/std_dim_3": 0.42411866784095764, "Std/std_dim_4": 0.44235801696777344, "Std/std_dim_5": 0.3076741397380829, "Std/std_dim_6": 0.42088624835014343, "Std/std_dim_7": 0.4570121467113495, "Std/std_dim_8": 0.3172145485877991, "Std/std_dim_9": 0.44965314865112305, "Std/std_dim_10": 0.4495921730995178, "Std/std_dim_11": 0.2991243004798889, "Train/mean_reward": 1.3770630770688876, "Train/mean_episode_length": 87.12, "_timestamp": 1721464169, "_runtime": 792, "_step": 631}