{"Episode/rew_action_rate": -0.014982901513576508, "Episode/rew_action_smoothness": -0.01773279532790184, "Episode/rew_ang_vel_xy": -0.026914939284324646, "Episode/rew_base_acc": -0.005170855671167374, "Episode/rew_base_height": -0.00011178119166288525, "Episode/rew_dof_acc": -0.021914437413215637, "Episode/rew_feet_air_time": -0.03566456586122513, "Episode/rew_feet_contact_forces": -1.6690373740857467e-05, "Episode/rew_foot_clearance": -0.00209803506731987, "Episode/rew_foot_slip": -0.14829719066619873, "Episode/rew_hip_pos": -0.012028837576508522, "Episode/rew_lin_vel_z": -0.00907826703041792, "Episode/rew_low_speed": 0.18656682968139648, "Episode/rew_orientation_eular": 0.08835600316524506, "Episode/rew_powers": -0.000301949679851532, "Episode/rew_stand_still": -0.0005193928955122828, "Episode/rew_track_vel_hard": 0.09168188273906708, "Episode/rew_tracking_ang_vel": 0.41310155391693115, "Episode/rew_tracking_lin_vel": 0.9232263565063477, "Episode/rew_vel_mismatch_exp": 0.15549972653388977, "Episode/cost_acc_smoothness": 0.8302914500236511, "Episode/cost_base_height": 0.00011178119166288525, "Episode/cost_collision": 0.0, "Episode/cost_dof_vel_limits": 0.0, "Episode/cost_feet_air_time": 0.0, "Episode/cost_hip_pos": 0.024057675153017044, "Episode/cost_pos_limit": 0.017416661605238914, "Episode/cost_stand_still": 0.05193929374217987, "Episode/cost_torque_limit": 0.0, "Loss/value_function": 0.008099191286601127, "Loss/surrogate": -0.0064394149463623766, "Loss/learning_rate": 2.2500000000000008e-05, "Perf/total_fps": 19747, "Perf/collection time": 0.6378035545349121, "Perf/learning_time": 0.6067228317260742, "Std/mean_std": 0.10972200334072113, "Std/std_dim_0": 0.10018226504325867, "Std/std_dim_1": 0.1166747584939003, "Std/std_dim_2": 0.11048941314220428, "Std/std_dim_3": 0.09536789357662201, "Std/std_dim_4": 0.120804063975811, "Std/std_dim_5": 0.10865949839353561, "Std/std_dim_6": 0.0991402193903923, "Std/std_dim_7": 0.13115562498569489, "Std/std_dim_8": 0.10831257700920105, "Std/std_dim_9": 0.09410180151462555, "Std/std_dim_10": 0.11837361007928848, "Std/std_dim_11": 0.11340231448411942, "Train/mean_reward": 32.38082410782576, "Train/mean_episode_length": 967.27, "_timestamp": 1723209351, "_runtime": 7445, "_step": 5999, "_wandb": {"runtime": 7442}}