{"Episode/rew_action_rate": -0.06872913986444473, "Episode/rew_action_smoothness": -0.14649325609207153, "Episode/rew_ang_vel_xy": -0.037886086851358414, "Episode/rew_base_height": -0.004733316600322723, "Episode/rew_default_joint_pos": -0.0015810681506991386, "Episode/rew_dof_acc": -0.02859189733862877, "Episode/rew_feet_clearance_inter": 0.0003229166613891721, "Episode/rew_foot_clearance": -0.024415208026766777, "Episode/rew_foot_slip": -0.12618377804756165, "Episode/rew_lin_vel_z": -0.009520139545202255, "Episode/rew_low_speed": 0.13430827856063843, "Episode/rew_orientation_eular": 0.11995642632246017, "Episode/rew_powers": -0.00023009096912574023, "Episode/rew_track_vel_hard": 0.09063756465911865, "Episode/rew_tracking_ang_vel": 0.3637031018733978, "Episode/rew_tracking_lin_vel": 0.9348756670951843, "Episode/rew_vel_mismatch_exp": 0.2608175277709961, "Episode/cost_acc_smoothness": 0.26892006397247314, "Episode/cost_base_height": 0.0031555439345538616, "Episode/cost_collision": 0.000993055640719831, "Episode/cost_dof_vel_limits": 0.0, "Episode/cost_feet_air_time": 0.034856654703617096, "Episode/cost_hip_pos": 0.031124066561460495, "Episode/cost_pos_limit": 0.0007916667382232845, "Episode/cost_stand_still": 0.1030927449464798, "Episode/cost_torque_limit": 0.0, "Loss/value_function": 0.014979227888397872, "Loss/surrogate": -0.002976856636814773, "Loss/learning_rate": 0.00013168724279835395, "Perf/total_fps": 18082, "Perf/collection time": 0.8419580459594727, "Perf/learning_time": 0.756091833114624, "Std/mean_std": 0.47197431325912476, "Std/std_dim_0": 0.41505196690559387, "Std/std_dim_1": 0.5295141935348511, "Std/std_dim_2": 0.45557063817977905, "Std/std_dim_3": 0.438753217458725, "Std/std_dim_4": 0.5417636036872864, "Std/std_dim_5": 0.45901578664779663, "Std/std_dim_6": 0.44414475560188293, "Std/std_dim_7": 0.5289247035980225, "Std/std_dim_8": 0.44143372774124146, "Std/std_dim_9": 0.419983834028244, "Std/std_dim_10": 0.5301216840744019, "Std/std_dim_11": 0.45941361784935, "Train/mean_reward": 26.47550988316536, "Train/mean_episode_length": 910.79, "_timestamp": 1721631178, "_runtime": 1308, "_step": 898}