{"Episode/rew_action_rate": -0.04687628895044327, "Episode/rew_action_smoothness": -0.1016325056552887, "Episode/rew_ang_vel_xy": -0.02525978907942772, "Episode/rew_base_height": -5.250393587630242e-05, "Episode/rew_default_joint_pos": -0.00610695406794548, "Episode/rew_dof_acc": -0.01641746610403061, "Episode/rew_feet_clearance_inter": 4.166666985838674e-05, "Episode/rew_foot_clearance": -0.00791093334555626, "Episode/rew_foot_slip": -0.1161794513463974, "Episode/rew_lin_vel_z": -0.008739729411900043, "Episode/rew_low_speed": 0.11549043655395508, "Episode/rew_orientation_eular": 0.09442287683486938, "Episode/rew_powers": -0.0003090208920184523, "Episode/rew_track_vel_hard": 0.07027718424797058, "Episode/rew_tracking_ang_vel": 0.3372724950313568, "Episode/rew_tracking_lin_vel": 0.7717002630233765, "Episode/rew_vel_mismatch_exp": 0.21695522964000702, "Episode/cost_acc_smoothness": 0.05544230341911316, "Episode/cost_base_height": 3.500262391753495e-05, "Episode/cost_collision": 0.000750000006519258, "Episode/cost_dof_vel_limits": 0.0, "Episode/cost_feet_air_time": 0.004607083275914192, "Episode/cost_hip_pos": 0.015611333772540092, "Episode/cost_pos_limit": 0.004124999511986971, "Episode/cost_stand_still": 0.2083117961883545, "Episode/cost_torque_limit": 0.0, "Loss/value_function": 0.010998845286667346, "Loss/surrogate": -0.0011274443619186058, "Loss/learning_rate": 0.00038443359375000017, "Perf/total_fps": 20948, "Perf/collection time": 0.6695523262023926, "Perf/learning_time": 0.709850549697876, "Std/mean_std": 0.4082487225532532, "Std/std_dim_0": 0.38604795932769775, "Std/std_dim_1": 0.5066300630569458, "Std/std_dim_2": 0.3754996955394745, "Std/std_dim_3": 0.3465590178966522, "Std/std_dim_4": 0.49197402596473694, "Std/std_dim_5": 0.3352634906768799, "Std/std_dim_6": 0.34682902693748474, "Std/std_dim_7": 0.5036367177963257, "Std/std_dim_8": 0.3475372791290283, "Std/std_dim_9": 0.3893167972564697, "Std/std_dim_10": 0.49650248885154724, "Std/std_dim_11": 0.3731878697872162, "Train/mean_reward": 28.90995939422399, "Train/mean_episode_length": 913.95, "_timestamp": 1721643275, "_runtime": 8434, "_step": 5999, "_wandb": {"runtime": 8433}}