{"Episode/rew_action_rate": -0.00046242144890129566, "Episode/rew_action_smoothness": -0.0007423736969940364, "Episode/rew_ang_vel_xy": -0.002850976539775729, "Episode/rew_base_height": -3.83155679628544e-07, "Episode/rew_default_joint_pos": -5.9498624978004955e-06, "Episode/rew_dof_acc": -0.000381585443392396, "Episode/rew_feet_clearance_inter": 3.699593165151782e-08, "Episode/rew_foot_clearance": -1.2761239304381888e-05, "Episode/rew_foot_slip": -0.0001150680473074317, "Episode/rew_lin_vel_z": -0.0004839485918637365, "Episode/rew_low_speed": -0.00015038758283481002, "Episode/rew_orientation_eular": 0.0002190255036111921, "Episode/rew_powers": -2.81867301055172e-06, "Episode/rew_track_vel_hard": -0.00011927611194550991, "Episode/rew_tracking_ang_vel": 0.00013169673911761492, "Episode/rew_tracking_lin_vel": 0.00031187705462798476, "Episode/rew_vel_mismatch_exp": 9.4463030109182e-05, "Episode/cost_acc_smoothness": 0.013493325561285019, "Episode/cost_base_height": 7.66311359257088e-07, "Episode/cost_collision": 0.0004537861968856305, "Episode/cost_dof_vel_limits": 2.4639564799144864e-05, "Episode/cost_feet_air_time": 3.852166628348641e-06, "Episode/cost_hip_pos": 5.242180122877471e-05, "Episode/cost_pos_limit": 2.994137275891262e-06, "Episode/cost_stand_still": 0.00027078372659161687, "Episode/cost_torque_limit": 0.0, "Loss/value_function": 0.0005660817827447317, "Loss/surrogate": 0.0003983610013165162, "Loss/learning_rate": 0.0002562890625000001, "Perf/total_fps": 5731, "Perf/collection time": 3.589048147201538, "Perf/learning_time": 0.6990664005279541, "Std/mean_std": 0.5011693239212036, "Std/std_dim_0": 0.43587079644203186, "Std/std_dim_1": 0.5676361322402954, "Std/std_dim_2": 0.4660390615463257, "Std/std_dim_3": 0.3874587118625641, "Std/std_dim_4": 0.636431872844696, "Std/std_dim_5": 0.4292953312397003, "Std/std_dim_6": 0.4044831693172455, "Std/std_dim_7": 0.671229362487793, "Std/std_dim_8": 0.53626948595047, "Std/std_dim_9": 0.3825920522212982, "Std/std_dim_10": 0.6329038143157959, "Std/std_dim_11": 0.4638218581676483, "Train/mean_reward": 0.0, "Train/mean_episode_length": 1.09, "_timestamp": 1721468691, "_runtime": 3242, "_step": 2481, "_wandb": {"runtime": 3237}}