{"Episode/rew_action_rate": -0.024797841906547546, "Episode/rew_action_smoothness": -0.034154076129198074, "Episode/rew_ang_vel_xy": -0.015698160976171494, "Episode/rew_base_height": -0.000634729687590152, "Episode/rew_dof_acc": -0.014565316960215569, "Episode/rew_feet_clearance_inter": 0.0013957502087578177, "Episode/rew_foot_clearance": -0.009790721349418163, "Episode/rew_foot_slip": -0.03175928443670273, "Episode/rew_lin_vel_z": -0.004084487445652485, "Episode/rew_low_speed": 0.07265298813581467, "Episode/rew_orientation_eular": 0.056585829704999924, "Episode/rew_powers": -0.00013624673010781407, "Episode/rew_track_vel_hard": 0.06253781914710999, "Episode/rew_tracking_ang_vel": 0.2062787115573883, "Episode/rew_tracking_lin_vel": 0.5327837467193604, "Episode/rew_vel_mismatch_exp": 0.1563187539577484, "Episode/cost_acc_smoothness": 0.3012990951538086, "Episode/cost_base_height": 0.0004231531056575477, "Episode/cost_collision": 0.00031250002211891115, "Episode/cost_dof_vel_limits": 4.166666985838674e-05, "Episode/cost_feet_air_time": 0.03107926994562149, "Episode/cost_hip_pos": 0.024168889969587326, "Episode/cost_pos_limit": 0.00722083356231451, "Episode/cost_stand_still": 0.13381877541542053, "Episode/cost_torque_limit": 0.0, "Loss/value_function": 0.007091171806678176, "Loss/surrogate": -0.013769564745598473, "Loss/learning_rate": 7.593750000000004e-05, "Perf/total_fps": 11897, "Perf/collection time": 0.6695170402526855, "Perf/learning_time": 0.3632826805114746, "Std/mean_std": 0.27290642261505127, "Std/std_dim_0": 0.2213340401649475, "Std/std_dim_1": 0.29416725039482117, "Std/std_dim_2": 0.2717934846878052, "Std/std_dim_3": 0.23718085885047913, "Std/std_dim_4": 0.30184054374694824, "Std/std_dim_5": 0.27060359716415405, "Std/std_dim_6": 0.23793070018291473, "Std/std_dim_7": 0.3108922243118286, "Std/std_dim_8": 0.27889883518218994, "Std/std_dim_9": 0.22838662564754486, "Std/std_dim_10": 0.31367990374565125, "Std/std_dim_11": 0.30816856026649475, "Train/mean_reward": 23.461124798939565, "Train/mean_episode_length": 705.14, "_timestamp": 1721736821, "_runtime": 738, "_step": 777}