{"Episode/rew_action_rate": -0.042232997715473175, "Episode/rew_action_smoothness": -0.10259796679019928, "Episode/rew_ang_vel_xy": -0.035114653408527374, "Episode/rew_base_height": -0.0003315799403935671, "Episode/rew_default_joint_pos": -0.00023186946054920554, "Episode/rew_dof_acc": -0.0235028937458992, "Episode/rew_foot_clearance": -0.001103975111618638, "Episode/rew_foot_slip": -0.06583233177661896, "Episode/rew_lin_vel_z": -0.005392223130911589, "Episode/rew_low_speed": -0.18259255588054657, "Episode/rew_orientation_eular": 0.08421874046325684, "Episode/rew_powers": -0.00027900931308977306, "Episode/rew_track_vel_hard": -0.035022981464862823, "Episode/rew_tracking_ang_vel": 0.2534674406051636, "Episode/rew_tracking_lin_vel": 0.6797763109207153, "Episode/rew_vel_mismatch_exp": 0.20803150534629822, "Episode/cost_acc_smoothness": 1.5158132314682007, "Episode/cost_base_height": 0.00022105337120592594, "Episode/cost_collision": 8.333333971677348e-05, "Episode/cost_dof_vel_limits": 0.019930554553866386, "Episode/cost_feet_air_time": 0.026455417275428772, "Episode/cost_hip_pos": 0.07952975481748581, "Episode/cost_pos_limit": 0.03296526521444321, "Episode/cost_stand_still": 0.025949960574507713, "Episode/cost_torque_limit": 0.0, "Loss/value_function": 0.008984160539694131, "Loss/surrogate": -0.0016996934515191241, "Loss/learning_rate": 0.00038443359375000017, "Perf/total_fps": 16467, "Perf/collection time": 0.84432053565979, "Perf/learning_time": 0.6480464935302734, "Std/mean_std": 0.4665257930755615, "Std/std_dim_0": 0.4653523564338684, "Std/std_dim_1": 0.5393757820129395, "Std/std_dim_2": 0.3997352421283722, "Std/std_dim_3": 0.43609756231307983, "Std/std_dim_4": 0.5369678139686584, "Std/std_dim_5": 0.43605032563209534, "Std/std_dim_6": 0.4473801553249359, "Std/std_dim_7": 0.5206862092018127, "Std/std_dim_8": 0.41958314180374146, "Std/std_dim_9": 0.4496687650680542, "Std/std_dim_10": 0.5589519739151001, "Std/std_dim_11": 0.38846009969711304, "Train/mean_reward": 14.993387285396457, "Train/mean_episode_length": 790.09, "_timestamp": 1722076437.3600206, "_runtime": 923.1171116828918, "_step": 648, "_wandb": {"runtime": 922}}