{"Episode/rew_action_rate": -0.004290659911930561, "Episode/rew_action_smoothness": -0.011628221720457077, "Episode/rew_ang_vel_xy": -0.0075785270892083645, "Episode/rew_base_height": -0.0001147303992183879, "Episode/rew_default_joint_pos": -0.00046684889821335673, "Episode/rew_dof_acc": -0.0042745452374219894, "Episode/rew_feet_clearance_inter": 1.9584698748076335e-05, "Episode/rew_foot_clearance": -0.0003319354436825961, "Episode/rew_foot_slip": -0.004532243590801954, "Episode/rew_lin_vel_z": -0.0014823505189269781, "Episode/rew_low_speed": 0.000216528627788648, "Episode/rew_orientation_eular": 0.012055611237883568, "Episode/rew_powers": -3.276153074693866e-05, "Episode/rew_track_vel_hard": -0.0014156283577904105, "Episode/rew_tracking_ang_vel": 0.0077946968376636505, "Episode/rew_tracking_lin_vel": 0.04091011732816696, "Episode/rew_vel_mismatch_exp": 0.015037847682833672, "Episode/cost_acc_smoothness": 0.2923143208026886, "Episode/cost_base_height": 7.648692553630099e-05, "Episode/cost_collision": 0.000610646209679544, "Episode/cost_dof_vel_limits": 0.005145667120814323, "Episode/cost_feet_air_time": 0.001663694391027093, "Episode/cost_hip_pos": 0.0019239172106608748, "Episode/cost_pos_limit": 0.0005197568098083138, "Episode/cost_stand_still": 0.024265944957733154, "Episode/cost_torque_limit": 0.0, "Loss/value_function": 0.018091759411618114, "Loss/surrogate": 0.0058853425922279715, "Loss/learning_rate": 0.0008649755859375004, "Perf/total_fps": 19333, "Perf/collection time": 0.6114926338195801, "Perf/learning_time": 0.6596827507019043, "Std/mean_std": 0.5011579394340515, "Std/std_dim_0": 0.529918372631073, "Std/std_dim_1": 0.5531875491142273, "Std/std_dim_2": 0.4031151831150055, "Std/std_dim_3": 0.5432916879653931, "Std/std_dim_4": 0.5524882674217224, "Std/std_dim_5": 0.4537672698497772, "Std/std_dim_6": 0.567025899887085, "Std/std_dim_7": 0.5388695001602173, "Std/std_dim_8": 0.4306526482105255, "Std/std_dim_9": 0.5207125544548035, "Std/std_dim_10": 0.5320864319801331, "Std/std_dim_11": 0.38877975940704346, "Train/mean_reward": 0.7288989150710404, "Train/mean_episode_length": 54.77, "_timestamp": 1721464545, "_runtime": 366, "_step": 285, "_wandb": {"runtime": 363}}