{"Episode/rew_action_rate": -0.03269520401954651, "Episode/rew_action_smoothness": -0.07596668601036072, "Episode/rew_ang_vel_xy": -0.0254676416516304, "Episode/rew_base_height": -0.0003684853436425328, "Episode/rew_default_joint_pos": -0.003572000889107585, "Episode/rew_dof_acc": -0.008867083117365837, "Episode/rew_feet_clearance_inter": 0.027848049998283386, "Episode/rew_foot_clearance": -0.004066898953169584, "Episode/rew_foot_slip": -0.12576237320899963, "Episode/rew_lin_vel_z": -0.007359199225902557, "Episode/rew_low_speed": -0.05844436585903168, "Episode/rew_orientation_eular": 0.04650598764419556, "Episode/rew_powers": -0.00024069147184491158, "Episode/rew_track_vel_hard": -0.012103719636797905, "Episode/rew_tracking_ang_vel": 0.15162476897239685, "Episode/rew_tracking_lin_vel": 0.7145597338676453, "Episode/rew_vel_mismatch_exp": 0.22562077641487122, "Episode/cost_acc_smoothness": 0.03599302098155022, "Episode/cost_base_height": 0.000245656818151474, "Episode/cost_collision": 0.07550758123397827, "Episode/cost_dof_vel_limits": 0.0, "Episode/cost_feet_air_time": 0.01052333414554596, "Episode/cost_hip_pos": 0.03577978163957596, "Episode/cost_pos_limit": 0.024540264159440994, "Episode/cost_stand_still": 0.39568036794662476, "Episode/cost_torque_limit": 0.0, "Loss/value_function": 0.014433822827413678, "Loss/surrogate": 0.003965835028793663, "Loss/learning_rate": 0.00017085937500000009, "Perf/total_fps": 17878, "Perf/collection time": 0.8504443168640137, "Perf/learning_time": 0.7658255100250244, "Std/mean_std": 0.387454092502594, "Std/std_dim_0": 0.35783880949020386, "Std/std_dim_1": 0.4429911673069, "Std/std_dim_2": 0.33137986063957214, "Std/std_dim_3": 0.37498238682746887, "Std/std_dim_4": 0.48632389307022095, "Std/std_dim_5": 0.32283201813697815, "Std/std_dim_6": 0.419283390045166, "Std/std_dim_7": 0.45986831188201904, "Std/std_dim_8": 0.29849907755851746, "Std/std_dim_9": 0.3652020990848541, "Std/std_dim_10": 0.47381457686424255, "Std/std_dim_11": 0.31643301248550415, "Train/mean_reward": 15.937346589444205, "Train/mean_episode_length": 823.0, "_timestamp": 1721632631, "_runtime": 1416, "_step": 898, "_wandb": {"runtime": 1415}}