{"Episode/rew_action_rate": -0.01986830309033394, "Episode/rew_action_smoothness": -0.048395149409770966, "Episode/rew_ang_vel_xy": -0.014357994310557842, "Episode/rew_base_height": -5.8095520216738805e-05, "Episode/rew_default_joint_pos": -0.0015092341927811503, "Episode/rew_dof_acc": -0.003969209268689156, "Episode/rew_foot_clearance": -0.00031566567486152053, "Episode/rew_foot_slip": -0.021967506036162376, "Episode/rew_lin_vel_z": -0.00431097624823451, "Episode/rew_low_speed": -0.05057680606842041, "Episode/rew_orientation_eular": 0.028762470930814743, "Episode/rew_powers": -8.767341932980344e-05, "Episode/rew_track_vel_hard": -0.01218905858695507, "Episode/rew_tracking_ang_vel": 0.10700562596321106, "Episode/rew_tracking_lin_vel": 0.28087812662124634, "Episode/rew_vel_mismatch_exp": 0.08429162204265594, "Episode/cost_acc_smoothness": 0.02801615558564663, "Episode/cost_base_height": 3.873034438584e-05, "Episode/cost_collision": 0.000681250065099448, "Episode/cost_dof_vel_limits": 1.527777931187302e-05, "Episode/cost_feet_air_time": 0.008609283715486526, "Episode/cost_hip_pos": 0.00917058251798153, "Episode/cost_pos_limit": 0.0015131945256143808, "Episode/cost_stand_still": 0.005115223582834005, "Episode/cost_torque_limit": 0.0, "Episode/terrain_level": 0.0, "Loss/value_function": 0.01799018755555153, "Loss/surrogate": 0.001329084161989158, "Loss/learning_rate": 0.00038443359375000017, "Perf/total_fps": 13367, "Perf/collection time": 1.2064621448516846, "Perf/learning_time": 0.6319849491119385, "Std/mean_std": 0.5020112991333008, "Std/std_dim_0": 0.5066253542900085, "Std/std_dim_1": 0.5906524062156677, "Std/std_dim_2": 0.3936383128166199, "Std/std_dim_3": 0.5271090269088745, "Std/std_dim_4": 0.5850493311882019, "Std/std_dim_5": 0.4170103967189789, "Std/std_dim_6": 0.4989202320575714, "Std/std_dim_7": 0.6035517454147339, "Std/std_dim_8": 0.3925252854824066, "Std/std_dim_9": 0.5154590010643005, "Std/std_dim_10": 0.6026487946510315, "Std/std_dim_11": 0.390945166349411, "Train/mean_reward": 8.829697269303724, "Train/mean_episode_length": 436.44, "_timestamp": 1722060481.853327, "_runtime": 1700.2393851280212, "_step": 1129, "_wandb": {"runtime": 1698}}