{"Episode/rew_action_rate": -0.029901139438152313, "Episode/rew_action_smoothness": -0.04752796143293381, "Episode/rew_ang_vel_xy": -0.022959426045417786, "Episode/rew_base_height": -0.0010355043923482299, "Episode/rew_dof_acc": -0.011801935732364655, "Episode/rew_foot_clearance": -0.0359904021024704, "Episode/rew_foot_slip": -0.04863031208515167, "Episode/rew_lin_vel_z": -0.010575647465884686, "Episode/rew_low_speed": 0.013350158929824829, "Episode/rew_orientation_eular": 0.05055352300405502, "Episode/rew_powers": -0.0002699112519621849, "Episode/rew_track_vel_hard": 0.009352954104542732, "Episode/rew_tracking_ang_vel": 0.16456279158592224, "Episode/rew_tracking_lin_vel": 0.6408969163894653, "Episode/rew_vel_mismatch_exp": 0.19617655873298645, "Episode/cost_acc_smoothness": 0.2930886149406433, "Episode/cost_base_height": 0.0006903366884216666, "Episode/cost_collision": 0.08002090454101562, "Episode/cost_dof_vel_limits": 0.0, "Episode/cost_feet_air_time": 0.01855098083615303, "Episode/cost_hip_pos": 0.24997815489768982, "Episode/cost_pos_limit": 0.18986853957176208, "Episode/cost_stand_still": 0.2713281214237213, "Episode/cost_torque_limit": 0.0, "Loss/value_function": 0.006101223733276128, "Loss/surrogate": -0.007602447038516402, "Loss/learning_rate": 7.593750000000002e-05, "Perf/total_fps": 11833, "Perf/collection time": 0.6813831329345703, "Perf/learning_time": 0.35706424713134766, "Std/mean_std": 0.32712000608444214, "Std/std_dim_0": 0.3056292235851288, "Std/std_dim_1": 0.3563210964202881, "Std/std_dim_2": 0.3146360218524933, "Std/std_dim_3": 0.32075509428977966, "Std/std_dim_4": 0.3428974449634552, "Std/std_dim_5": 0.33900186419487, "Std/std_dim_6": 0.2881941795349121, "Std/std_dim_7": 0.3694133460521698, "Std/std_dim_8": 0.31235483288764954, "Std/std_dim_9": 0.2921764850616455, "Std/std_dim_10": 0.3532564043998718, "Std/std_dim_11": 0.3308038115501404, "Train/mean_reward": 12.388044906519353, "Train/mean_episode_length": 545.65, "_timestamp": 1721740775, "_runtime": 682, "_step": 680}