{"Episode/rew_action_rate": -0.041832394897937775, "Episode/rew_action_smoothness": -0.10292887687683105, "Episode/rew_ang_vel_xy": -0.026333164423704147, "Episode/rew_base_height": -0.00011387122503947467, "Episode/rew_default_joint_pos": -0.0015721393283456564, "Episode/rew_dof_acc": -0.01914088986814022, "Episode/rew_foot_clearance": -0.0001526197011116892, "Episode/rew_foot_slip": -0.060544468462467194, "Episode/rew_lin_vel_z": -0.0058288611471652985, "Episode/rew_low_speed": -0.15544095635414124, "Episode/rew_orientation_eular": 0.0374373160302639, "Episode/rew_powers": -0.0002515089581720531, "Episode/rew_track_vel_hard": -0.01834597811102867, "Episode/rew_tracking_ang_vel": 0.2534435987472534, "Episode/rew_tracking_lin_vel": 0.6196733713150024, "Episode/rew_vel_mismatch_exp": 0.19149111211299896, "Episode/cost_acc_smoothness": 1.1332095861434937, "Episode/cost_base_height": 7.591415487695485e-05, "Episode/cost_collision": 0.00010416666918899864, "Episode/cost_dof_vel_limits": 0.01693749614059925, "Episode/cost_feet_air_time": 0.03153194114565849, "Episode/cost_hip_pos": 0.03585650771856308, "Episode/cost_pos_limit": 0.010979163460433483, "Episode/cost_stand_still": 0.050237417221069336, "Episode/cost_torque_limit": 0.0, "Loss/value_function": 0.008099798858165742, "Loss/surrogate": 6.2290154164657e-05, "Loss/learning_rate": 0.0005766503906250003, "Perf/total_fps": 6146, "Perf/collection time": 3.338977813720703, "Perf/learning_time": 0.6595399379730225, "Std/mean_std": 0.48591917753219604, "Std/std_dim_0": 0.48305296897888184, "Std/std_dim_1": 0.5568330883979797, "Std/std_dim_2": 0.453566312789917, "Std/std_dim_3": 0.4601821303367615, "Std/std_dim_4": 0.5607595443725586, "Std/std_dim_5": 0.41234779357910156, "Std/std_dim_6": 0.4889046251773834, "Std/std_dim_7": 0.5609595775604248, "Std/std_dim_8": 0.4051983654499054, "Std/std_dim_9": 0.4791189432144165, "Std/std_dim_10": 0.5567752122879028, "Std/std_dim_11": 0.41333138942718506, "Train/mean_reward": 15.23364017018117, "Train/mean_episode_length": 824.2, "_timestamp": 1721831090.2288604, "_runtime": 796.6744923591614, "_step": 594, "_wandb": {"runtime": 796}}