{"Episode/rew_action_rate": -0.007866878062486649, "Episode/rew_action_smoothness": -0.022866657003760338, "Episode/rew_ang_vel_xy": -4.778110698785988e+26, "Episode/rew_base_height": -156728656.0, "Episode/rew_default_joint_pos": -0.00011392963642720133, "Episode/rew_dof_acc": -3.603536146578082e+23, "Episode/rew_feet_clearance_inter": 1.831932422646787e-06, "Episode/rew_foot_clearance": -1851142.25, "Episode/rew_foot_slip": -13.160148620605469, "Episode/rew_lin_vel_z": -3.5983127703992664e+20, "Episode/rew_low_speed": -0.005337858572602272, "Episode/rew_orientation_eular": 0.0007663381984457374, "Episode/rew_powers": -10311435.0, "Episode/rew_track_vel_hard": -45693931520.0, "Episode/rew_tracking_ang_vel": 0.003737756982445717, "Episode/rew_tracking_lin_vel": 0.011009979993104935, "Episode/rew_vel_mismatch_exp": 0.0073211113922297955, "Episode/cost_acc_smoothness": 179038519296.0, "Episode/cost_base_height": 120560512.0, "Episode/cost_collision": 0.002190939150750637, "Episode/cost_dof_vel_limits": 0.002198527567088604, "Episode/cost_feet_air_time": 0.001459471881389618, "Episode/cost_hip_pos": 0.0029523028060793877, "Episode/cost_pos_limit": 0.006312146782875061, "Episode/cost_stand_still": 0.011778710409998894, "Episode/cost_torque_limit": 0.0, "Loss/value_function": 5.948479557037354, "Loss/surrogate": 7.355265552178025e-09, "Loss/learning_rate": 0.01, "Perf/total_fps": 17263, "Perf/collection time": 0.7585053443908691, "Perf/learning_time": 0.6650497913360596, "Std/mean_std": 1.000437617301941, "Std/std_dim_0": 0.9986172914505005, "Std/std_dim_1": 1.0010080337524414, "Std/std_dim_2": 1.0008015632629395, "Std/std_dim_3": 1.0016628503799438, "Std/std_dim_4": 1.0007790327072144, "Std/std_dim_5": 0.9999797940254211, "Std/std_dim_6": 0.9999058842658997, "Std/std_dim_7": 1.0011610984802246, "Std/std_dim_8": 1.000519871711731, "Std/std_dim_9": 0.9993572235107422, "Std/std_dim_10": 0.9993137121200562, "Std/std_dim_11": 1.002144455909729, "Train/mean_reward": 0.011844725927803666, "Train/mean_episode_length": 29.32, "_timestamp": 1721459280, "_runtime": 34, "_step": 18, "_wandb": {"runtime": 34}}