{"Episode/rew_action_rate": -0.03142881393432617, "Episode/rew_action_smoothness": -0.07866635918617249, "Episode/rew_ang_vel_xy": -0.019165104255080223, "Episode/rew_base_height": -0.00034654076443985105, "Episode/rew_default_joint_pos": -0.0018529852386564016, "Episode/rew_dof_acc": -0.003987003117799759, "Episode/rew_foot_clearance": -3.932203253498301e-05, "Episode/rew_foot_slip": -0.038923244923353195, "Episode/rew_lin_vel_z": -0.006544859614223242, "Episode/rew_low_speed": -0.12591134011745453, "Episode/rew_orientation_eular": 0.054581474512815475, "Episode/rew_powers": -0.00011650017404463142, "Episode/rew_track_vel_hard": -0.026294704526662827, "Episode/rew_tracking_ang_vel": 0.17699240148067474, "Episode/rew_tracking_lin_vel": 0.4765075445175171, "Episode/rew_vel_mismatch_exp": 0.1498609036207199, "Episode/cost_acc_smoothness": 0.029115043580532074, "Episode/cost_base_height": 0.00023102718114387244, "Episode/cost_collision": 0.00555208045989275, "Episode/cost_dof_vel_limits": 0.0, "Episode/cost_feet_air_time": 0.006904860492795706, "Episode/cost_hip_pos": 0.023379847407341003, "Episode/cost_pos_limit": 0.039048872888088226, "Episode/cost_stand_still": 0.11546844244003296, "Episode/cost_torque_limit": 0.0, "Episode/terrain_level": 0.0, "Loss/value_function": 0.012738745333626867, "Loss/surrogate": 0.0015222934674966383, "Loss/learning_rate": 0.00017085937500000009, "Perf/total_fps": 14079, "Perf/collection time": 1.1464769840240479, "Perf/learning_time": 0.5990052223205566, "Std/mean_std": 0.5038286447525024, "Std/std_dim_0": 0.4966191351413727, "Std/std_dim_1": 0.588909924030304, "Std/std_dim_2": 0.4022703170776367, "Std/std_dim_3": 0.4835200011730194, "Std/std_dim_4": 0.5826587080955505, "Std/std_dim_5": 0.44532695412635803, "Std/std_dim_6": 0.4826943576335907, "Std/std_dim_7": 0.6115890145301819, "Std/std_dim_8": 0.44403931498527527, "Std/std_dim_9": 0.4762410521507263, "Std/std_dim_10": 0.5972386598587036, "Std/std_dim_11": 0.4348362386226654, "Train/mean_reward": 10.901318521471694, "Train/mean_episode_length": 575.06, "_timestamp": 1722056154.3615782, "_runtime": 1061.9494543075562, "_step": 661, "_wandb": {"runtime": 1061}}