{"Episode/rew_action_rate": -0.04089478403329849, "Episode/rew_action_smoothness": -0.10999651253223419, "Episode/rew_ang_vel_xy": -0.02288520336151123, "Episode/rew_base_height": -8.661767787998542e-05, "Episode/rew_default_joint_pos": -0.0016621756367385387, "Episode/rew_dof_acc": -0.010458341799676418, "Episode/rew_feet_clearance_inter": 0.0003402777947485447, "Episode/rew_foot_clearance": -0.004886258859187365, "Episode/rew_foot_slip": -0.026666512712836266, "Episode/rew_lin_vel_z": -0.0038028890267014503, "Episode/rew_low_speed": -0.14140740036964417, "Episode/rew_orientation_eular": 0.0714816302061081, "Episode/rew_powers": -0.0001912775624077767, "Episode/rew_track_vel_hard": -0.01815764792263508, "Episode/rew_tracking_ang_vel": 0.33077728748321533, "Episode/rew_tracking_lin_vel": 0.4356684684753418, "Episode/rew_vel_mismatch_exp": 0.18396727740764618, "Episode/cost_acc_smoothness": 0.5531439185142517, "Episode/cost_base_height": 0.00017323535575997084, "Episode/cost_collision": 0.0009201389621011913, "Episode/cost_dof_vel_limits": 0.012406250461935997, "Episode/cost_feet_air_time": 0.00587055366486311, "Episode/cost_hip_pos": 0.032606661319732666, "Episode/cost_pos_limit": 0.0001979166700039059, "Episode/cost_stand_still": 0.17202326655387878, "Episode/cost_torque_limit": 0.0, "Loss/value_function": 0.03281388590112329, "Loss/surrogate": 0.0013851774253907934, "Loss/learning_rate": 0.00038443359375000017, "Perf/total_fps": 6562, "Perf/collection time": 3.0825743675231934, "Perf/learning_time": 0.6625003814697266, "Std/mean_std": 0.4540197551250458, "Std/std_dim_0": 0.5283350944519043, "Std/std_dim_1": 0.4951171875, "Std/std_dim_2": 0.3622801899909973, "Std/std_dim_3": 0.5122674703598022, "Std/std_dim_4": 0.5256087779998779, "Std/std_dim_5": 0.33862099051475525, "Std/std_dim_6": 0.516010046005249, "Std/std_dim_7": 0.47826114296913147, "Std/std_dim_8": 0.3385108411312103, "Std/std_dim_9": 0.5248782634735107, "Std/std_dim_10": 0.47454339265823364, "Std/std_dim_11": 0.3538035452365875, "Train/mean_reward": 12.804851774717681, "Train/mean_episode_length": 711.55, "_timestamp": 1721481873, "_runtime": 489, "_step": 356}