{"Episode/rew_action_rate": -0.05601385235786438, "Episode/rew_action_smoothness": -0.12251695245504379, "Episode/rew_ang_vel_xy": -0.029234223067760468, "Episode/rew_base_height": -5.0111608288716525e-05, "Episode/rew_default_joint_pos": -0.021933626383543015, "Episode/rew_dof_acc": -0.01643473282456398, "Episode/rew_foot_clearance": -0.00011840575461974367, "Episode/rew_foot_slip": -0.06035905331373215, "Episode/rew_lin_vel_z": -0.008957374840974808, "Episode/rew_low_speed": 0.10983996093273163, "Episode/rew_orientation_eular": 0.14176872372627258, "Episode/rew_powers": -0.00041057163616642356, "Episode/rew_track_vel_hard": 0.007694288156926632, "Episode/rew_tracking_ang_vel": 0.3604475259780884, "Episode/rew_tracking_lin_vel": 0.8686327934265137, "Episode/rew_vel_mismatch_exp": 0.2559952735900879, "Episode/cost_acc_smoothness": 0.026022017002105713, "Episode/cost_base_height": 3.340773400850594e-05, "Episode/cost_collision": 2.777777990559116e-05, "Episode/cost_dof_vel_limits": 0.0, "Episode/cost_feet_air_time": 0.013536809012293816, "Episode/cost_hip_pos": 0.00435401126742363, "Episode/cost_pos_limit": 0.001027778023853898, "Episode/cost_stand_still": 0.03718983381986618, "Episode/cost_torque_limit": 0.0, "Loss/value_function": 0.014848717441782355, "Loss/surrogate": 0.0010068116029287922, "Loss/learning_rate": 0.00017085937500000009, "Perf/total_fps": 17603, "Perf/collection time": 0.7861132621765137, "Perf/learning_time": 0.6099951267242432, "Std/mean_std": 0.3802724778652191, "Std/std_dim_0": 0.35069113969802856, "Std/std_dim_1": 0.47297224402427673, "Std/std_dim_2": 0.29104816913604736, "Std/std_dim_3": 0.36520153284072876, "Std/std_dim_4": 0.5104396343231201, "Std/std_dim_5": 0.31270042061805725, "Std/std_dim_6": 0.3704551160335541, "Std/std_dim_7": 0.4690062999725342, "Std/std_dim_8": 0.3333972096443176, "Std/std_dim_9": 0.34628304839134216, "Std/std_dim_10": 0.45839980244636536, "Std/std_dim_11": 0.28267526626586914, "Train/mean_reward": 27.1824103435874, "Train/mean_episode_length": 918.67, "_timestamp": 1721840945.7480657, "_runtime": 8629.638013601303, "_step": 5999, "_wandb": {"runtime": 8627}}