{"Episode/rew_action_rate": -0.03582700714468956, "Episode/rew_action_smoothness": -0.08778902143239975, "Episode/rew_ang_vel_xy": -0.02621377818286419, "Episode/rew_base_height": -3.450517397141084e-05, "Episode/rew_default_joint_pos": -0.004070804920047522, "Episode/rew_dof_acc": -0.006652737967669964, "Episode/rew_foot_clearance": -0.00504983589053154, "Episode/rew_foot_slip": -0.04317639395594597, "Episode/rew_lin_vel_z": -0.005091810133308172, "Episode/rew_low_speed": -0.06518889963626862, "Episode/rew_orientation_eular": 0.04484698176383972, "Episode/rew_powers": -0.000234088278375566, "Episode/rew_track_vel_hard": -0.03514930605888367, "Episode/rew_tracking_ang_vel": 0.0879722535610199, "Episode/rew_tracking_lin_vel": 0.5202102065086365, "Episode/rew_vel_mismatch_exp": 0.15922501683235168, "Episode/cost_acc_smoothness": 0.02749491296708584, "Episode/cost_base_height": 2.6542436899035238e-05, "Episode/cost_collision": 0.001708333264105022, "Episode/cost_dof_vel_limits": 0.0, "Episode/cost_feet_air_time": 0.006419584155082703, "Episode/cost_hip_pos": 0.01170994620770216, "Episode/cost_pos_limit": 0.006541666574776173, "Episode/cost_stand_still": 0.024306384846568108, "Episode/cost_torque_limit": 0.0, "Loss/value_function": 0.027319832378998397, "Loss/surrogate": -0.0003030240361113101, "Loss/learning_rate": 0.00017085937500000009, "Perf/total_fps": 12492, "Perf/collection time": 0.6361145973205566, "Perf/learning_time": 0.3474888801574707, "Std/mean_std": 0.4763050079345703, "Std/std_dim_0": 0.5251779556274414, "Std/std_dim_1": 0.5353128910064697, "Std/std_dim_2": 0.3416644334793091, "Std/std_dim_3": 0.5270941853523254, "Std/std_dim_4": 0.5132945775985718, "Std/std_dim_5": 0.336620032787323, "Std/std_dim_6": 0.48593461513519287, "Std/std_dim_7": 0.5616644024848938, "Std/std_dim_8": 0.3688105046749115, "Std/std_dim_9": 0.5382322669029236, "Std/std_dim_10": 0.5471280217170715, "Std/std_dim_11": 0.4347257912158966, "Train/mean_reward": 14.389459697976708, "Train/mean_episode_length": 839.62, "_timestamp": 1721717510, "_runtime": 2475, "_step": 2586}