{"Episode/rew_action_rate": -0.0028517129831016064, "Episode/rew_action_smoothness": -0.00819319300353527, "Episode/rew_ang_vel_xy": -0.0033088643103837967, "Episode/rew_base_height": -1.7703461708151735e-05, "Episode/rew_default_joint_pos": -1.8725773770711385e-05, "Episode/rew_dof_acc": -0.0011052855988964438, "Episode/rew_foot_clearance": -0.0006738810334354639, "Episode/rew_foot_slip": -0.0009523696498945355, "Episode/rew_lin_vel_z": -0.0010440497426316142, "Episode/rew_low_speed": -0.002015812788158655, "Episode/rew_orientation_eular": 0.0005139633431099355, "Episode/rew_powers": -5.5371101552736945e-06, "Episode/rew_track_vel_hard": -0.001604165299795568, "Episode/rew_tracking_ang_vel": 0.0013912128051742911, "Episode/rew_tracking_lin_vel": 0.009344719350337982, "Episode/rew_vel_mismatch_exp": 0.0025586578994989395, "Episode/cost_acc_smoothness": 0.026496153324842453, "Episode/cost_base_height": 1.180230810859939e-05, "Episode/cost_collision": 0.0005825382540933788, "Episode/cost_dof_vel_limits": 0.0, "Episode/cost_feet_air_time": 0.0009617101168259978, "Episode/cost_hip_pos": 0.0008319291519001126, "Episode/cost_pos_limit": 0.0015921456506475806, "Episode/cost_stand_still": 0.004077268298715353, "Episode/cost_torque_limit": 0.0, "Loss/value_function": 0.002332615607883781, "Loss/surrogate": -0.026907953689806162, "Loss/learning_rate": 0.00050625, "Perf/total_fps": 5121, "Perf/collection time": 1.9616587162017822, "Perf/learning_time": 0.4376485347747803, "Std/mean_std": 0.9940042495727539, "Std/std_dim_0": 0.9934958219528198, "Std/std_dim_1": 0.9941147565841675, "Std/std_dim_2": 0.9920461177825928, "Std/std_dim_3": 0.9919137954711914, "Std/std_dim_4": 0.9925448894500732, "Std/std_dim_5": 0.9963523745536804, "Std/std_dim_6": 0.994143545627594, "Std/std_dim_7": 0.9936404228210449, "Std/std_dim_8": 0.9952877163887024, "Std/std_dim_9": 0.9945772886276245, "Std/std_dim_10": 0.9934871196746826, "Std/std_dim_11": 0.9964466094970703, "Train/mean_reward": 0.022936770939268172, "Train/mean_episode_length": 20.17, "_timestamp": 1721718870, "_runtime": 9, "_step": 0}