{"Episode/rew_action_rate": -0.013652695342898369, "Episode/rew_action_smoothness": -0.03765114024281502, "Episode/rew_ang_vel_xy": -0.009548382833600044, "Episode/rew_base_height": -5.490712646860629e-05, "Episode/rew_dof_acc": -0.009710647165775299, "Episode/rew_feet_clearance_inter": 4.786348290508613e-05, "Episode/rew_foot_clearance": -0.0012215276947245002, "Episode/rew_foot_slip": -0.004227171652019024, "Episode/rew_joint_ref_pos": 0.004732963629066944, "Episode/rew_lin_vel_z": -0.002230740152299404, "Episode/rew_low_speed": -0.012865075841546059, "Episode/rew_orientation_eular": 0.00535521749407053, "Episode/rew_powers": -8.60987274791114e-05, "Episode/rew_track_vel_hard": -0.0057668499648571014, "Episode/rew_tracking_ang_vel": 0.014698776416480541, "Episode/rew_tracking_lin_vel": 0.08707746863365173, "Episode/rew_vel_mismatch_exp": 0.024861883372068405, "Episode/cost_acc_smoothness": 0.917256236076355, "Episode/cost_base_height": 0.00010981425293721259, "Episode/cost_collision": 0.005308895371854305, "Episode/cost_dof_vel_limits": 0.01927965134382248, "Episode/cost_feet_air_time": 0.006395373493432999, "Episode/cost_hip_pos": 0.010672159492969513, "Episode/cost_pos_limit": 0.01942654512822628, "Episode/cost_stand_still": 0.031119413673877716, "Episode/cost_torque_limit": 0.0, "Loss/value_function": 0.004891584161669016, "Loss/surrogate": -0.013525036454666406, "Loss/learning_rate": 0.00017085937500000009, "Perf/total_fps": 5288, "Perf/collection time": 3.978764772415161, "Perf/learning_time": 0.6681764125823975, "Std/mean_std": 0.7563884258270264, "Std/std_dim_0": 0.7497966885566711, "Std/std_dim_1": 0.7779696583747864, "Std/std_dim_2": 0.7415984869003296, "Std/std_dim_3": 0.7608780860900879, "Std/std_dim_4": 0.760181725025177, "Std/std_dim_5": 0.7507079243659973, "Std/std_dim_6": 0.764785647392273, "Std/std_dim_7": 0.7644908428192139, "Std/std_dim_8": 0.7337074875831604, "Std/std_dim_9": 0.7613885998725891, "Std/std_dim_10": 0.7675642371177673, "Std/std_dim_11": 0.7435923218727112, "Train/mean_reward": 0.821872583492659, "Train/mean_episode_length": 95.15, "_timestamp": 1721528179, "_runtime": 184, "_step": 37}