{"Episode/rew_action_rate": -0.048129476606845856, "Episode/rew_action_smoothness": -0.11519372463226318, "Episode/rew_ang_vel_xy": -0.028232865035533905, "Episode/rew_base_height": -0.00013461874914355576, "Episode/rew_default_joint_pos": -0.0010294686071574688, "Episode/rew_dof_acc": -0.02404196560382843, "Episode/rew_foot_clearance": -0.0001544147526146844, "Episode/rew_foot_slip": -0.05877750366926193, "Episode/rew_lin_vel_z": -0.0062175109051167965, "Episode/rew_low_speed": -0.1517026126384735, "Episode/rew_orientation_eular": 0.11737322062253952, "Episode/rew_powers": -0.00027645370573736727, "Episode/rew_track_vel_hard": -0.05097084492444992, "Episode/rew_tracking_ang_vel": 0.11833466589450836, "Episode/rew_tracking_lin_vel": 0.5218636393547058, "Episode/rew_vel_mismatch_exp": 0.1795937418937683, "Episode/cost_acc_smoothness": 1.7839616537094116, "Episode/cost_base_height": 8.974581578513607e-05, "Episode/cost_collision": 0.00047916671610437334, "Episode/cost_dof_vel_limits": 0.02133333310484886, "Episode/cost_feet_air_time": 0.029420679435133934, "Episode/cost_hip_pos": 0.06279700249433517, "Episode/cost_pos_limit": 0.05282635614275932, "Episode/cost_stand_still": 0.15835201740264893, "Episode/cost_torque_limit": 0.0, "Loss/value_function": 0.009100328618660568, "Loss/surrogate": -0.006309454038273543, "Loss/learning_rate": 0.00017085937500000009, "Perf/total_fps": 6280, "Perf/collection time": 3.251309394836426, "Perf/learning_time": 0.6618435382843018, "Std/mean_std": 0.5618335008621216, "Std/std_dim_0": 0.5256446003913879, "Std/std_dim_1": 0.665475070476532, "Std/std_dim_2": 0.5152845978736877, "Std/std_dim_3": 0.5143792033195496, "Std/std_dim_4": 0.6026611924171448, "Std/std_dim_5": 0.5164450407028198, "Std/std_dim_6": 0.5405839681625366, "Std/std_dim_7": 0.628503143787384, "Std/std_dim_8": 0.5238385200500488, "Std/std_dim_9": 0.5349039435386658, "Std/std_dim_10": 0.641404926776886, "Std/std_dim_11": 0.5328767895698547, "Train/mean_reward": 9.91802621955052, "Train/mean_episode_length": 736.45, "_timestamp": 1721828164.3830566, "_runtime": 471.5646057128906, "_step": 316, "_wandb": {"runtime": 472}}