{"Episode/rew_action_rate": -0.03612900897860527, "Episode/rew_action_smoothness": -0.09637735784053802, "Episode/rew_ang_vel_xy": -0.024238651618361473, "Episode/rew_base_height": -0.0003815827367361635, "Episode/rew_default_joint_pos": -0.0035173888318240643, "Episode/rew_dof_acc": -0.011737152934074402, "Episode/rew_feet_clearance_inter": 2.7500002033775672e-05, "Episode/rew_foot_clearance": -0.006920242216438055, "Episode/rew_foot_slip": -0.029405027627944946, "Episode/rew_lin_vel_z": -0.004694601520895958, "Episode/rew_low_speed": -0.14757788181304932, "Episode/rew_orientation_eular": 0.029506539925932884, "Episode/rew_powers": -0.00025269569596275687, "Episode/rew_track_vel_hard": -0.04339409992098808, "Episode/rew_tracking_ang_vel": 0.13014662265777588, "Episode/rew_tracking_lin_vel": 0.3936748504638672, "Episode/rew_vel_mismatch_exp": 0.19290217757225037, "Episode/cost_acc_smoothness": 0.6650118827819824, "Episode/cost_base_height": 0.000763165473472327, "Episode/cost_collision": 0.02517710253596306, "Episode/cost_dof_vel_limits": 0.01651041768491268, "Episode/cost_feet_air_time": 0.007080927491188049, "Episode/cost_hip_pos": 0.03052406571805477, "Episode/cost_pos_limit": 0.0008055555517785251, "Episode/cost_stand_still": 0.17410890758037567, "Episode/cost_torque_limit": 0.0, "Loss/value_function": 0.012205622252076864, "Loss/surrogate": 0.0037955610823701136, "Loss/learning_rate": 0.0008649755859375004, "Perf/total_fps": 17709, "Perf/collection time": 0.7383592128753662, "Perf/learning_time": 0.64937424659729, "Std/mean_std": 0.4588570296764374, "Std/std_dim_0": 0.5119791030883789, "Std/std_dim_1": 0.5009191632270813, "Std/std_dim_2": 0.37964102625846863, "Std/std_dim_3": 0.5287891626358032, "Std/std_dim_4": 0.4715491533279419, "Std/std_dim_5": 0.34130504727363586, "Std/std_dim_6": 0.5559400320053101, "Std/std_dim_7": 0.44822564721107483, "Std/std_dim_8": 0.4272039532661438, "Std/std_dim_9": 0.5257633328437805, "Std/std_dim_10": 0.4805685877799988, "Std/std_dim_11": 0.33440014719963074, "Train/mean_reward": 7.612825848921202, "Train/mean_episode_length": 691.18, "_timestamp": 1721480034, "_runtime": 754, "_step": 565}