{"Episode/rew_action_rate": -0.09839295595884323, "Episode/rew_action_smoothness": -0.16122201085090637, "Episode/rew_ang_vel_xy": -0.054349176585674286, "Episode/rew_base_height": -0.0008402095409110188, "Episode/rew_default_joint_pos": -0.0004204383003525436, "Episode/rew_dof_acc": -0.04764360189437866, "Episode/rew_feet_clearance_inter": 0.05414580926299095, "Episode/rew_foot_clearance": -0.003368234261870384, "Episode/rew_foot_slip": -0.09543342888355255, "Episode/rew_lin_vel_z": -0.02960537001490593, "Episode/rew_low_speed": -0.05252939090132713, "Episode/rew_orientation_eular": 0.03366965055465698, "Episode/rew_powers": -0.0007622851408086717, "Episode/rew_torques": 4.006686687469482, "Episode/rew_track_vel_hard": -0.035515256226062775, "Episode/rew_tracking_ang_vel": 0.07589028030633926, "Episode/rew_tracking_lin_vel": 0.4600697457790375, "Episode/rew_vel_mismatch_exp": 0.11022873967885971, "Episode/cost_acc_smoothness": 2.9158854484558105, "Episode/cost_base_height": 0.000560139655135572, "Episode/cost_collision": 0.058298587799072266, "Episode/cost_dof_vel_limits": 0.00862847175449133, "Episode/cost_feet_air_time": 0.007778543047606945, "Episode/cost_hip_pos": 0.17921900749206543, "Episode/cost_pos_limit": 0.04060067981481552, "Episode/cost_stand_still": 0.24727384746074677, "Episode/cost_torque_limit": 0.0, "Loss/value_function": 0.370612820982933, "Loss/surrogate": 0.0046497705625370145, "Loss/learning_rate": 3.3750000000000014e-05, "Perf/total_fps": 6540, "Perf/collection time": 3.669179916381836, "Perf/learning_time": 0.7489254474639893, "Std/mean_std": 0.6812695264816284, "Std/std_dim_0": 0.6930213570594788, "Std/std_dim_1": 0.7159749865531921, "Std/std_dim_2": 0.6698062419891357, "Std/std_dim_3": 0.6774554252624512, "Std/std_dim_4": 0.7016127705574036, "Std/std_dim_5": 0.6278548240661621, "Std/std_dim_6": 0.6733841300010681, "Std/std_dim_7": 0.6913880705833435, "Std/std_dim_8": 0.6282960772514343, "Std/std_dim_9": 0.6892901062965393, "Std/std_dim_10": 0.7351945042610168, "Std/std_dim_11": 0.6719561815261841, "Train/mean_reward": 98.61325473666191, "Train/mean_episode_length": 590.3, "_timestamp": 1721648833, "_runtime": 389, "_step": 252}