{"Episode/rew_action_rate": -0.07177848368883133, "Episode/rew_action_smoothness": -0.15218499302864075, "Episode/rew_ang_vel_xy": -0.06800679117441177, "Episode/rew_base_height": -0.00015965415514074266, "Episode/rew_default_joint_pos": -0.004391598515212536, "Episode/rew_dof_acc": -0.05228525400161743, "Episode/rew_feet_clearance_inter": 0.026912515982985497, "Episode/rew_foot_clearance": -0.0021308318246155977, "Episode/rew_foot_slip": -0.0556197427213192, "Episode/rew_lin_vel_z": -0.018849525600671768, "Episode/rew_low_speed": 0.12552276253700256, "Episode/rew_orientation_eular": 0.03647944703698158, "Episode/rew_powers": -0.0003346887824591249, "Episode/rew_track_vel_hard": 0.12086250633001328, "Episode/rew_tracking_ang_vel": 0.3300076425075531, "Episode/rew_tracking_lin_vel": 0.8377706408500671, "Episode/rew_vel_mismatch_exp": 0.23171424865722656, "Episode/cost_acc_smoothness": 1.004773497581482, "Episode/cost_base_height": 0.00012281090312171727, "Episode/cost_collision": 0.030624989420175552, "Episode/cost_dof_vel_limits": 7.63888965593651e-05, "Episode/cost_feet_air_time": 0.0026044452097266912, "Episode/cost_hip_pos": 0.05227100849151611, "Episode/cost_pos_limit": 0.021381936967372894, "Episode/cost_stand_still": 0.185026153922081, "Episode/cost_torque_limit": 0.0, "Episode/terrain_level": 0.3852132260799408, "Loss/value_function": 0.007125600543804467, "Loss/surrogate": -0.009967198109370657, "Loss/learning_rate": 0.00038443359375000017, "Perf/total_fps": 16232, "Perf/collection time": 0.8905863761901855, "Perf/learning_time": 0.6234312057495117, "Std/mean_std": 0.4610663652420044, "Std/std_dim_0": 0.41429638862609863, "Std/std_dim_1": 0.5185691714286804, "Std/std_dim_2": 0.47057828307151794, "Std/std_dim_3": 0.3985843062400818, "Std/std_dim_4": 0.5125245451927185, "Std/std_dim_5": 0.4583026170730591, "Std/std_dim_6": 0.38867515325546265, "Std/std_dim_7": 0.5161627531051636, "Std/std_dim_8": 0.47038912773132324, "Std/std_dim_9": 0.4125376343727112, "Std/std_dim_10": 0.5193055868148804, "Std/std_dim_11": 0.45287060737609863, "Train/mean_reward": 24.04712806575, "Train/mean_episode_length": 891.44, "_timestamp": 1721325789, "_runtime": 9114, "_step": 5999, "_wandb": {"runtime": 9110}}