{"Episode/rew_action_rate": -0.04879079386591911, "Episode/rew_action_smoothness": -0.13006027042865753, "Episode/rew_ang_vel_xy": -0.032010309398174286, "Episode/rew_base_height": -0.00022058717149775475, "Episode/rew_dof_acc": -0.007726380135864019, "Episode/rew_feet_clearance_inter": 0.0005972222425043583, "Episode/rew_foot_clearance": -0.0038284529000520706, "Episode/rew_foot_slip": -0.01270921528339386, "Episode/rew_joint_ref_pos": 0.00018365238793194294, "Episode/rew_lin_vel_z": -0.005991838406771421, "Episode/rew_low_speed": -0.06717994064092636, "Episode/rew_orientation_eular": 0.02618873491883278, "Episode/rew_powers": -0.00010121476952917874, "Episode/rew_track_vel_hard": -0.018831398338079453, "Episode/rew_tracking_ang_vel": 0.06076223775744438, "Episode/rew_tracking_lin_vel": 0.29871800541877747, "Episode/rew_vel_mismatch_exp": 0.08692248910665512, "Episode/cost_acc_smoothness": 0.05148204416036606, "Episode/cost_base_height": 0.00014705813373439014, "Episode/cost_collision": 0.017781240865588188, "Episode/cost_dof_vel_limits": 0.0, "Episode/cost_feet_air_time": 0.013860221020877361, "Episode/cost_hip_pos": 0.09203740209341049, "Episode/cost_pos_limit": 0.04436802864074707, "Episode/cost_stand_still": 0.07191318273544312, "Episode/cost_torque_limit": 0.0, "Loss/value_function": 0.0027844897005707024, "Loss/surrogate": -0.01864609606564045, "Loss/learning_rate": 0.00011390625000000003, "Perf/total_fps": 14247, "Perf/collection time": 0.5199577808380127, "Perf/learning_time": 0.34252214431762695, "Std/mean_std": 0.7592129707336426, "Std/std_dim_0": 0.7465806603431702, "Std/std_dim_1": 0.7604660391807556, "Std/std_dim_2": 0.7592291235923767, "Std/std_dim_3": 0.7352147102355957, "Std/std_dim_4": 0.778435468673706, "Std/std_dim_5": 0.7699605226516724, "Std/std_dim_6": 0.7487174868583679, "Std/std_dim_7": 0.7630512714385986, "Std/std_dim_8": 0.763416051864624, "Std/std_dim_9": 0.7497537136077881, "Std/std_dim_10": 0.7664673924446106, "Std/std_dim_11": 0.7692623734474182, "Train/mean_reward": 4.614114831406623, "Train/mean_episode_length": 472.92, "_timestamp": 1721652744, "_runtime": 94, "_step": 90}