{"Episode/rew_action_rate": -0.24946968257427216, "Episode/rew_action_smoothness": -0.37024933099746704, "Episode/rew_ang_vel_xy": -0.08724191039800644, "Episode/rew_base_height": -0.00041157190571539104, "Episode/rew_default_joint_pos": -0.001989097334444523, "Episode/rew_dof_acc": -0.07230115681886673, "Episode/rew_feet_distance": -0.018535614013671875, "Episode/rew_foot_clearance": -0.013087260536849499, "Episode/rew_foot_slip": -0.14341294765472412, "Episode/rew_lin_vel_z": -0.02419126033782959, "Episode/rew_low_speed": -0.10705123841762543, "Episode/rew_orientation_eular": 0.05317224562168121, "Episode/rew_powers": -0.001382487709634006, "Episode/rew_torques": 6.108922481536865, "Episode/rew_track_vel_hard": -0.0606161467730999, "Episode/rew_tracking_ang_vel": 0.10077397525310516, "Episode/rew_tracking_lin_vel": 0.6213797330856323, "Episode/rew_vel_mismatch_exp": 0.16213610768318176, "Episode/cost_acc_smoothness": 3.2114970684051514, "Episode/cost_base_height": 0.0002743812510743737, "Episode/cost_collision": 0.07470829039812088, "Episode/cost_dof_vel_limits": 0.003479166654869914, "Episode/cost_feet_air_time": 0.01114257238805294, "Episode/cost_hip_pos": 0.041268326342105865, "Episode/cost_pos_limit": 0.014263930730521679, "Episode/cost_stand_still": 0.2855966091156006, "Episode/cost_torque_limit": 0.0, "Loss/value_function": 1.1823256254196166, "Loss/surrogate": -0.001008228282444179, "Loss/learning_rate": 5.062500000000002e-05, "Perf/total_fps": 17571, "Perf/collection time": 0.8951387405395508, "Perf/learning_time": 0.7493491172790527, "Std/mean_std": 0.816013514995575, "Std/std_dim_0": 0.7351828217506409, "Std/std_dim_1": 0.9757972359657288, "Std/std_dim_2": 0.7325138449668884, "Std/std_dim_3": 0.7497504949569702, "Std/std_dim_4": 1.0046457052230835, "Std/std_dim_5": 0.7160981297492981, "Std/std_dim_6": 0.7385360598564148, "Std/std_dim_7": 0.9041197299957275, "Std/std_dim_8": 0.766252338886261, "Std/std_dim_9": 0.7685465812683105, "Std/std_dim_10": 0.9639612436294556, "Std/std_dim_11": 0.7367581725120544, "Train/mean_reward": 114.85322819685564, "Train/mean_episode_length": 691.48, "_timestamp": 1721648176, "_runtime": 1116, "_step": 712, "_wandb": {"runtime": 1115}}