{"Episode/rew_action_rate": -0.021713530644774437, "Episode/rew_action_smoothness": -0.059796176850795746, "Episode/rew_ang_vel_xy": -0.0138911884278059, "Episode/rew_base_height": -0.0005148375639691949, "Episode/rew_default_joint_pos": -0.003786388784646988, "Episode/rew_dof_acc": -0.00884103775024414, "Episode/rew_feet_clearance_inter": 5.972222425043583e-05, "Episode/rew_foot_clearance": -0.006050284020602703, "Episode/rew_foot_slip": -0.02126164734363556, "Episode/rew_lin_vel_z": -0.0025403080508112907, "Episode/rew_low_speed": -0.12363813817501068, "Episode/rew_orientation_eular": 0.1850833147764206, "Episode/rew_powers": -0.00014479388482868671, "Episode/rew_track_vel_hard": -0.031781211495399475, "Episode/rew_tracking_ang_vel": 0.11249595135450363, "Episode/rew_tracking_lin_vel": 0.352136492729187, "Episode/rew_vel_mismatch_exp": 0.17387208342552185, "Episode/cost_acc_smoothness": 0.5657085180282593, "Episode/cost_base_height": 0.0010296751279383898, "Episode/cost_collision": 0.004045137204229832, "Episode/cost_dof_vel_limits": 0.013756943866610527, "Episode/cost_feet_air_time": 0.004211874678730965, "Episode/cost_hip_pos": 0.0243142768740654, "Episode/cost_pos_limit": 0.006875004153698683, "Episode/cost_stand_still": 0.12031906098127365, "Episode/cost_torque_limit": 0.0, "Loss/value_function": 0.02267939057201147, "Loss/surrogate": 0.003171767294406891, "Loss/learning_rate": 0.0005766503906250003, "Perf/total_fps": 18913, "Perf/collection time": 0.6176278591156006, "Perf/learning_time": 0.6817378997802734, "Std/mean_std": 0.3678228259086609, "Std/std_dim_0": 0.4233383536338806, "Std/std_dim_1": 0.35614338517189026, "Std/std_dim_2": 0.2833878695964813, "Std/std_dim_3": 0.43252623081207275, "Std/std_dim_4": 0.3842196762561798, "Std/std_dim_5": 0.2481742948293686, "Std/std_dim_6": 0.4510480761528015, "Std/std_dim_7": 0.4107902944087982, "Std/std_dim_8": 0.27537667751312256, "Std/std_dim_9": 0.4628180265426636, "Std/std_dim_10": 0.38763827085494995, "Std/std_dim_11": 0.29841291904449463, "Train/mean_reward": 10.488183382637798, "Train/mean_episode_length": 657.18, "_timestamp": 1721479267, "_runtime": 1110, "_step": 844}