{"Episode/rew_action_rate": -0.18164855241775513, "Episode/rew_action_smoothness": -0.311849445104599, "Episode/rew_ang_vel_xy": -0.07037191838026047, "Episode/rew_base_height": -0.0002981566358357668, "Episode/rew_default_joint_pos": -0.0012382257264107466, "Episode/rew_dof_acc": -0.04383581504225731, "Episode/rew_feet_clearance_inter": 0.006718750111758709, "Episode/rew_feet_distance": -0.01778203621506691, "Episode/rew_foot_clearance": -0.006941822357475758, "Episode/rew_foot_slip": -0.13034407794475555, "Episode/rew_lin_vel_z": -0.024291183799505234, "Episode/rew_low_speed": -0.13019661605358124, "Episode/rew_orientation_eular": 0.044543322175741196, "Episode/rew_powers": -0.0008774565067142248, "Episode/rew_torques": 5.372313976287842, "Episode/rew_track_vel_hard": -0.06350672245025635, "Episode/rew_tracking_ang_vel": 0.0871337279677391, "Episode/rew_tracking_lin_vel": 0.5933308601379395, "Episode/rew_vel_mismatch_exp": 0.15599124133586884, "Episode/cost_acc_smoothness": 1.447567343711853, "Episode/cost_base_height": 0.0001987711148103699, "Episode/cost_collision": 0.047274284064769745, "Episode/cost_dof_vel_limits": 0.0006527778459712863, "Episode/cost_feet_air_time": 0.015348057262599468, "Episode/cost_hip_pos": 0.04554061219096184, "Episode/cost_pos_limit": 0.008479166775941849, "Episode/cost_stand_still": 0.2708430886268616, "Episode/cost_torque_limit": 0.0, "Loss/value_function": 0.5936680063605309, "Loss/surrogate": 0.009032110474072397, "Loss/learning_rate": 3.3750000000000014e-05, "Perf/total_fps": 17715, "Perf/collection time": 0.8797588348388672, "Perf/learning_time": 0.7513689994812012, "Std/mean_std": 0.7895321249961853, "Std/std_dim_0": 0.7284390926361084, "Std/std_dim_1": 0.9377143383026123, "Std/std_dim_2": 0.7310906648635864, "Std/std_dim_3": 0.726016104221344, "Std/std_dim_4": 0.898218035697937, "Std/std_dim_5": 0.6995617151260376, "Std/std_dim_6": 0.7159150838851929, "Std/std_dim_7": 0.8935966491699219, "Std/std_dim_8": 0.7155495285987854, "Std/std_dim_9": 0.735591471195221, "Std/std_dim_10": 0.9606759548187256, "Std/std_dim_11": 0.7320164442062378, "Train/mean_reward": 104.87617228558753, "Train/mean_episode_length": 692.66, "_timestamp": 1721646695, "_runtime": 1089, "_step": 648}