{"Episode/rew_action_rate": -0.0356360524892807, "Episode/rew_action_smoothness": -0.09746931493282318, "Episode/rew_ang_vel_xy": -0.023706629872322083, "Episode/rew_base_height": -4.178103699814528e-05, "Episode/rew_default_joint_pos": -0.0015757810324430466, "Episode/rew_dof_acc": -0.011587160639464855, "Episode/rew_feet_clearance_inter": 0.0002022222033701837, "Episode/rew_foot_clearance": -0.004885578528046608, "Episode/rew_foot_slip": -0.0298725888133049, "Episode/rew_lin_vel_z": -0.0040381718426942825, "Episode/rew_low_speed": -0.14720550179481506, "Episode/rew_orientation_eular": 0.07039671391248703, "Episode/rew_powers": -0.0002413554466329515, "Episode/rew_track_vel_hard": -0.051262449473142624, "Episode/rew_tracking_ang_vel": 0.23838937282562256, "Episode/rew_tracking_lin_vel": 0.5599073171615601, "Episode/rew_vel_mismatch_exp": 0.19045309722423553, "Episode/cost_acc_smoothness": 0.6632660627365112, "Episode/cost_base_height": 8.356207399629056e-05, "Episode/cost_collision": 0.001834027236327529, "Episode/cost_dof_vel_limits": 0.014434721320867538, "Episode/cost_feet_air_time": 0.005971859209239483, "Episode/cost_hip_pos": 0.03706404194235802, "Episode/cost_pos_limit": 0.0038319434970617294, "Episode/cost_stand_still": 0.1919390857219696, "Episode/cost_torque_limit": 0.0, "Loss/value_function": 0.037639152351766826, "Loss/surrogate": 0.00035320534007041713, "Loss/learning_rate": 0.0005766503906250003, "Perf/total_fps": 16984, "Perf/collection time": 0.7948150634765625, "Perf/learning_time": 0.652116060256958, "Std/mean_std": 0.44344377517700195, "Std/std_dim_0": 0.5151006579399109, "Std/std_dim_1": 0.4596618711948395, "Std/std_dim_2": 0.39001110196113586, "Std/std_dim_3": 0.5594617128372192, "Std/std_dim_4": 0.4505743682384491, "Std/std_dim_5": 0.34785011410713196, "Std/std_dim_6": 0.5186607837677002, "Std/std_dim_7": 0.4747049808502197, "Std/std_dim_8": 0.3402869403362274, "Std/std_dim_9": 0.5174077153205872, "Std/std_dim_10": 0.4435083866119385, "Std/std_dim_11": 0.30409687757492065, "Train/mean_reward": 14.909438031036407, "Train/mean_episode_length": 737.53, "_timestamp": 1721483849, "_runtime": 1869, "_step": 1424}