{"Episode/rew_action_rate": -0.0072015724144876, "Episode/rew_action_smoothness": -0.00791292916983366, "Episode/rew_ang_vel_xy": -0.010253082029521465, "Episode/rew_base_height": -0.0001509242574684322, "Episode/rew_default_joint_pos": -0.00043403770541772246, "Episode/rew_dof_acc": -0.004718719981610775, "Episode/rew_foot_clearance": -0.006294548511505127, "Episode/rew_foot_slip": -0.01807728037238121, "Episode/rew_lin_vel_z": -0.002641897415742278, "Episode/rew_low_speed": 0.027439996600151062, "Episode/rew_orientation_eular": 0.023542117327451706, "Episode/rew_powers": -6.532868428621441e-05, "Episode/rew_track_vel_hard": 0.02305213175714016, "Episode/rew_tracking_ang_vel": 0.10651233047246933, "Episode/rew_tracking_lin_vel": 0.27062249183654785, "Episode/rew_vel_mismatch_exp": 0.0807676762342453, "Episode/cost_acc_smoothness": 0.04786660894751549, "Episode/cost_base_height": 0.0001006161910481751, "Episode/cost_collision": 0.00031250002211891115, "Episode/cost_dof_vel_limits": 0.0001250000059371814, "Episode/cost_feet_air_time": 0.022822082042694092, "Episode/cost_hip_pos": 0.010503548197448254, "Episode/cost_pos_limit": 0.005874999798834324, "Episode/cost_stand_still": 0.11969222873449326, "Episode/cost_torque_limit": 0.0, "Loss/value_function": 0.007162600196897984, "Loss/surrogate": -0.00020384276285767555, "Loss/learning_rate": 7.593750000000004e-05, "Perf/total_fps": 12372, "Perf/collection time": 0.6442902088165283, "Perf/learning_time": 0.3488433361053467, "Std/mean_std": 0.16545447707176208, "Std/std_dim_0": 0.15626031160354614, "Std/std_dim_1": 0.18707096576690674, "Std/std_dim_2": 0.15554600954055786, "Std/std_dim_3": 0.1345078945159912, "Std/std_dim_4": 0.19057701528072357, "Std/std_dim_5": 0.16607819497585297, "Std/std_dim_6": 0.16615812480449677, "Std/std_dim_7": 0.1969817727804184, "Std/std_dim_8": 0.1535363793373108, "Std/std_dim_9": 0.14488370716571808, "Std/std_dim_10": 0.18120524287223816, "Std/std_dim_11": 0.15264804661273956, "Train/mean_reward": 23.904024748839436, "Train/mean_episode_length": 672.83, "_timestamp": 1721726603, "_runtime": 1632, "_step": 1922}