{"Episode/rew_action_rate": -0.0016585225239396095, "Episode/rew_action_smoothness": -0.0029079641681164503, "Episode/rew_ang_vel_xy": -0.007387229707092047, "Episode/rew_base_height": -0.0008701502229087055, "Episode/rew_default_joint_pos": -0.0006498974980786443, "Episode/rew_dof_acc": -0.008588428609073162, "Episode/rew_feet_clearance_inter": 0.002363890176638961, "Episode/rew_foot_clearance": -0.002774985507130623, "Episode/rew_foot_slip": -0.022219520062208176, "Episode/rew_lin_vel_z": -0.0032128337770700455, "Episode/rew_low_speed": -0.10923188924789429, "Episode/rew_orientation_eular": 0.03995193541049957, "Episode/rew_powers": -0.00028032209957018495, "Episode/rew_track_vel_hard": -0.019283607602119446, "Episode/rew_tracking_ang_vel": 0.12544302642345428, "Episode/rew_tracking_lin_vel": 0.5748127698898315, "Episode/rew_vel_mismatch_exp": 0.22497054934501648, "Episode/cost_acc_smoothness": 0.8163289427757263, "Episode/cost_base_height": 0.001740300445817411, "Episode/cost_collision": 0.1788138598203659, "Episode/cost_dof_vel_limits": 0.06831975281238556, "Episode/cost_feet_air_time": 0.003950138576328754, "Episode/cost_hip_pos": 0.16411510109901428, "Episode/cost_pos_limit": 0.32551875710487366, "Episode/cost_stand_still": 0.2978392541408539, "Episode/cost_torque_limit": 0.0, "Loss/value_function": 0.0066419023554772135, "Loss/surrogate": -0.008256804215488956, "Loss/learning_rate": 2.2500000000000005e-05, "Perf/total_fps": 18291, "Perf/collection time": 0.7285017967224121, "Perf/learning_time": 0.6150941848754883, "Std/mean_std": 0.04681852087378502, "Std/std_dim_0": 0.04295768216252327, "Std/std_dim_1": 0.07756029814481735, "Std/std_dim_2": 0.029668325558304787, "Std/std_dim_3": 0.032500021159648895, "Std/std_dim_4": 0.08080261200666428, "Std/std_dim_5": 0.02192069962620735, "Std/std_dim_6": 0.05646663159132004, "Std/std_dim_7": 0.07109248638153076, "Std/std_dim_8": 0.025584900751709938, "Std/std_dim_9": 0.04680832102894783, "Std/std_dim_10": 0.04769591987133026, "Std/std_dim_11": 0.02876434288918972, "Train/mean_reward": 15.564475308116526, "Train/mean_episode_length": 658.53, "_timestamp": 1721494599, "_runtime": 8194, "_step": 5999, "_wandb": {"runtime": 8190}}