{"Episode/rew_action_rate": -0.08672919124364853, "Episode/rew_action_smoothness": -0.20503823459148407, "Episode/rew_ang_vel_xy": -0.056067150086164474, "Episode/rew_base_height": -0.00011279391765128821, "Episode/rew_default_joint_pos": -0.0024833667557686567, "Episode/rew_dof_acc": -0.017068641260266304, "Episode/rew_foot_clearance": -0.0002684083010535687, "Episode/rew_foot_slip": -0.05814710259437561, "Episode/rew_lin_vel_z": -0.012558868154883385, "Episode/rew_low_speed": -0.15986956655979156, "Episode/rew_orientation_eular": 0.08283619582653046, "Episode/rew_powers": -0.00023220220464281738, "Episode/rew_track_vel_hard": -0.05401855334639549, "Episode/rew_tracking_ang_vel": 0.24646513164043427, "Episode/rew_tracking_lin_vel": 0.7609099745750427, "Episode/rew_vel_mismatch_exp": 0.22030401229858398, "Episode/cost_acc_smoothness": 0.22427994012832642, "Episode/cost_base_height": 7.519595965277404e-05, "Episode/cost_collision": 0.0001250000059371814, "Episode/cost_dof_vel_limits": 5.555555981118232e-05, "Episode/cost_feet_air_time": 0.05192984268069267, "Episode/cost_hip_pos": 0.035890236496925354, "Episode/cost_pos_limit": 0.05179859325289726, "Episode/cost_stand_still": 0.033518463373184204, "Episode/cost_torque_limit": 0.0, "Loss/value_function": 0.009149253647774459, "Loss/surrogate": -0.012738809990696608, "Loss/learning_rate": 5.0625000000000024e-05, "Perf/total_fps": 16194, "Perf/collection time": 0.8355958461761475, "Perf/learning_time": 0.6819851398468018, "Std/mean_std": 0.6556829214096069, "Std/std_dim_0": 0.5964410305023193, "Std/std_dim_1": 0.7097083926200867, "Std/std_dim_2": 0.6609545946121216, "Std/std_dim_3": 0.5911128520965576, "Std/std_dim_4": 0.7029119729995728, "Std/std_dim_5": 0.662199079990387, "Std/std_dim_6": 0.6128178834915161, "Std/std_dim_7": 0.7059158682823181, "Std/std_dim_8": 0.6518340110778809, "Std/std_dim_9": 0.5989640355110168, "Std/std_dim_10": 0.7223180532455444, "Std/std_dim_11": 0.6530167460441589, "Train/mean_reward": 11.657306222170591, "Train/mean_episode_length": 762.27, "_timestamp": 1721881875.187212, "_runtime": 259.79503202438354, "_step": 187, "_wandb": {"runtime": 254}}