{"Episode/rew_action_rate": -0.019024644047021866, "Episode/rew_action_smoothness": -0.04879022389650345, "Episode/rew_ang_vel_xy": -0.012476367875933647, "Episode/rew_base_height": -8.332869037985802e-05, "Episode/rew_default_joint_pos": -0.002484977012500167, "Episode/rew_dof_acc": -0.0023230649530887604, "Episode/rew_foot_clearance": -0.00013510871212929487, "Episode/rew_foot_slip": -0.03278396651148796, "Episode/rew_lin_vel_z": -0.004029842093586922, "Episode/rew_low_speed": -0.10608813166618347, "Episode/rew_orientation_eular": 0.05086353421211243, "Episode/rew_powers": -7.534072210546583e-05, "Episode/rew_track_vel_hard": -0.041014306247234344, "Episode/rew_tracking_ang_vel": 0.12049202620983124, "Episode/rew_tracking_lin_vel": 0.4099085330963135, "Episode/rew_vel_mismatch_exp": 0.131522536277771, "Episode/cost_acc_smoothness": 0.01301502250134945, "Episode/cost_base_height": 5.555246025323868e-05, "Episode/cost_collision": 0.0005875000497326255, "Episode/cost_dof_vel_limits": 0.0, "Episode/cost_feet_air_time": 0.0041046240366995335, "Episode/cost_hip_pos": 0.012074373662471771, "Episode/cost_pos_limit": 0.015237493440508842, "Episode/cost_stand_still": 0.03826633095741272, "Episode/cost_torque_limit": 0.0, "Episode/terrain_level": 0.0, "Loss/value_function": 0.009634619299322366, "Loss/surrogate": 0.0006397289398591965, "Loss/learning_rate": 0.00038443359375000017, "Perf/total_fps": 13332, "Perf/collection time": 1.2335937023162842, "Perf/learning_time": 0.6096725463867188, "Std/mean_std": 0.4100235402584076, "Std/std_dim_0": 0.4426620900630951, "Std/std_dim_1": 0.4778045117855072, "Std/std_dim_2": 0.30387723445892334, "Std/std_dim_3": 0.44212713837623596, "Std/std_dim_4": 0.4486791491508484, "Std/std_dim_5": 0.378405898809433, "Std/std_dim_6": 0.4262614846229553, "Std/std_dim_7": 0.4471374750137329, "Std/std_dim_8": 0.3566032350063324, "Std/std_dim_9": 0.41963255405426025, "Std/std_dim_10": 0.44062116742134094, "Std/std_dim_11": 0.33647066354751587, "Train/mean_reward": 9.24874009949155, "Train/mean_episode_length": 495.29, "_timestamp": 1722058731.4694195, "_runtime": 2525.128811597824, "_step": 1677, "_wandb": {"runtime": 2524}}